filename,blackheads,dark spot,nodules,papules,pustules,whiteheads
levle0_80_jpg.rf.54e29f93a1054a1ce4ba3296722a9a02.jpg,0,0,0,0,0,1
levle0_19_jpg.rf.c4140b018366801843eb5d1723686841.jpg,0,1,0,0,0,1
levle1_70_jpg.rf.b1c6d79708b980c7557f8c34e3117ddb.jpg,0,1,0,1,0,0
01F3MMVJ16XHRQ3TM1JQANVQXV_jpeg.rf.6b2eff85239685a249930bfb46833163.jpg,0,0,1,1,0,0
levle0_118_jpg.rf.42911b51d91c2a0668d33dd1f1f062d3.jpg,1,1,0,1,0,1
a4_jpg.rf.a28f505f79f8ef5f0efbdd0e0d897a8a.jpg,1,0,0,1,1,0
levle1_83_jpg.rf.00350e24d06e1b0e028cc7d0455eb02a.jpg,0,0,0,1,1,0
levle2_114_jpg.rf.75cac35d0b6fe38a03a1d82d2a46349b.jpg,0,0,0,1,1,0
levle0_85_jpg.rf.9a215b64e93612e1789f140882731152.jpg,0,0,0,0,0,1
levle1_104_jpg.rf.668e3319af9da0f3a430e6cebe307133.jpg,0,1,1,0,0,0
levle3_58_jpg.rf.3a6cca9ac1973ef8b1e471f108a21d0d.jpg,1,0,1,0,1,0
levle1_176_jpg.rf.f527b90e96ea92eefe68517fe559a779.jpg,0,1,0,1,0,1
01F3MMVTMQSATJ080EXHDAME49_jpeg.rf.52322883f26ab97ee367831199b68f0a.jpg,1,1,0,0,0,0
levle2_107_jpg.rf.855ebb6db34a2d6115ee7c6bc2cf79bb.jpg,0,0,0,1,1,0
levle0_79_jpg.rf.3afe3fe01c1d5eb418fef960bb287585.jpg,0,1,0,0,0,0
levle1_0_jpg.rf.3b37608e5042a7ef6bd153a16dfc2c46.jpg,1,0,0,1,0,0
levle0_2_jpg.rf.e16a15008fcc8fcb7fe43bcb45be1f03.jpg,0,1,0,0,0,1
levle1_177_jpg.rf.a1d1b2ff5427e77b928af672ae1077ca.jpg,0,0,0,0,0,1
01F3MMWY3JPNV96YC73PH5G692_jpeg.rf.9a9b4e63a07d81020ab4478dc1c1e435.jpg,1,0,0,1,1,0
levle0_206_jpg.rf.3cf4bf0a8f6f431e1a335fd57b067021.jpg,0,1,0,0,0,1
levle2_121_jpg.rf.d8672b66e030a4591b12114ea90dbfc8.jpg,0,0,0,1,1,0
levle0_110_jpg.rf.85009aea5f3f9c7811143f9bcd200aa1.jpg,0,1,0,0,0,0
levle0_207_jpg.rf.3c8b20a9226674bc8a2d02ad84693912.jpg,1,1,0,0,0,0
levle1_178_jpg.rf.a7c8d1cd15c44c43996de7d4ba2a329c.jpg,0,1,0,0,0,1
levle2_129_jpg.rf.2ed2e7695bd227da1fa39af389cfda73.jpg,0,1,0,0,0,0
01F3MMVH87B4G7M1NH7963VX3M_jpeg.rf.739dea45232e60b8e82309be1db57fe0.jpg,0,0,1,1,0,0
levle2_51_jpg.rf.3a16bd41a635eb2e5df7667877f56cf6.jpg,0,1,1,1,0,0
levle1_125_jpg.rf.44bfba5bef0aedb74da26582c5a7e474.jpg,0,1,0,1,0,0
levle0_130_jpg.rf.27ffd1c63f6927755d3b1cbbcdb13bde.jpg,1,1,0,0,0,1
levle2_132_jpg.rf.c27415a74c0b4b3c482ab4b6111e1bb1.jpg,0,1,0,0,1,0
levle1_119_jpg.rf.222f9ffb294673d1d4c874a9bd3cd77f.jpg,0,0,0,1,0,0
levle2_184_jpg.rf.307aa652d2822517dacf98dcc645b2b6.jpg,0,0,0,0,1,1
levle1_182_jpg.rf.861068c829cc692bf8bbee823af4a466.jpg,0,1,0,1,1,0
levle1_115_jpg.rf.ce7b14df6992baa81d02fe08464ebbcc.jpg,1,1,0,1,0,1
01F3MMYNE0NXTGFZ8T0PGRQPGY_jpeg.rf.273c9a0f90ef35161a37074f450f0b03.jpg,0,0,0,1,0,1
levle2_134_jpg.rf.6900d43f8fe8f4667d80367288a4f482.jpg,0,1,0,0,1,0
levle0_122_jpg.rf.f0f9fe8994400d7bea9dd227686c1c89.jpg,0,1,0,0,0,0
01F3MMVVZWV6JR5KQY71T8M7H9_jpeg.rf.e6bdf8875f646e6bcb47667453d93506.jpg,0,0,0,1,1,0
01F3MMX07Y51CVWR7YR2B4VS7X_jpeg.rf.1ad32e8fd12f5d62690390aa1283c96a.jpg,0,0,0,0,0,1
levle1_112_jpg.rf.8d9e211f1d72d91f7ff8ed14c4e1b3cd.jpg,0,1,1,0,0,0
levle2_148_jpg.rf.900989d662058d6033ff4ad0ba83c300.jpg,0,0,0,1,0,0
levle2_48_jpg.rf.12d9fe1d5e9a27c6c866a63e827adab8.jpg,0,0,0,0,1,0
levle0_24_jpg.rf.dcefea4de965c16fc67b90bb4f598fde.jpg,1,1,0,1,0,1
levle0_228_jpg.rf.d06a7128c91b413f71757e76ccb15cfd.jpg,0,1,0,0,0,1
levle0_225_jpg.rf.70c4add5990b1d8cec1cb00f7fd8b7b4.jpg,0,1,0,1,0,1
levle0_253_jpg.rf.60a98215dfedc8b5f9664cca003964d5.jpg,0,1,0,0,0,1
01F3MMVXXRHA3S1EBPKVXEFEZZ_jpeg.rf.24fead60d7f90a87adebc2a96aff76ba.jpg,0,0,0,1,1,1
levle1_131_jpg.rf.7fa0c49353db2fea5ac14892a43307b1.jpg,0,1,0,1,1,1
levle1_94_jpg.rf.2a88e5cd7c806eb1906defcc3e94314f.jpg,0,1,0,1,0,1
levle0_265_jpg.rf.81582b370045549cb072ccba10f004c7.jpg,0,1,0,0,1,1
levle2_65_jpg.rf.3efc1af30872a138bfe60186d08f899d.jpg,0,1,0,1,0,0
levle1_64_jpg.rf.a6c80f0918414f26dd8d94cf43701f31.jpg,0,1,0,1,0,0
levle1_187_jpg.rf.f8be357de31695e3eafca8fbdc51f474.jpg,0,1,0,1,0,0
levle1_189_jpg.rf.2fa43e1966c5b8021512c7bc1b92f37c.jpg,0,1,1,0,0,1
levle1_84_jpg.rf.94ca8860d0f9d85cc2c5b13d1afddb26.jpg,0,0,0,1,1,0
levle1_132_jpg.rf.37c613624266ceb52c7c7b273a526bad.jpg,0,1,0,1,1,0
01F3MMYPVXAKFDN05PJF3S75Q2_jpeg.rf.39aee7a475b1f86600fd1608eccf9365.jpg,0,0,0,1,0,0
levle0_15_jpg.rf.6820ed9edd2ec6104be42fab5a1084b5.jpg,0,0,0,0,0,1
levle1_63_jpg.rf.d88b08ba8b9dbd0e50dac6013f416140.jpg,0,1,0,1,1,0
levle1_137_jpg.rf.136a91550562c00aa48cf30e2099ad92.jpg,1,0,1,1,0,1
levle1_623_jpg.rf.ef917a9aaaa23f772c758189f0237362.jpg,0,0,0,1,1,1
levle1_169_jpg.rf.772e93f285c01ae0d3ef313c428a9eef.jpg,0,1,0,1,0,0
levle1_180_jpg.rf.bc68e7db3da75380942aaef51f5afbf7.jpg,1,1,0,0,0,1
levle0_112_jpg.rf.7eb3f8a966c38023447d0d9b81b5bdff.jpg,0,1,0,0,0,0
levle1_634_jpg.rf.0b4ca5caaf1730b68c6788f4810d8df2.jpg,0,0,0,0,1,0
levle1_151_jpg.rf.af3db2df70a1cf0c557d95230f101718.jpg,0,1,0,0,0,1
levle1_195_jpg.rf.27d5093e19ff45049d5df941ee4a799b.jpg,0,1,0,0,0,0
levle0_269_jpg.rf.d5f9053c23338afc07a8b280401dd5e6.jpg,0,1,0,1,0,1
levle0_97_jpg.rf.2a3833adc6c32e18ca66892115c1688e.jpg,0,0,0,1,1,1
levle1_190_jpg.rf.1aadeb7cc46ba1c36b9f9f1809bba29a.jpg,0,1,1,0,1,1
levle1_192_jpg.rf.80360352e1a6a46636c55bd5c7995bb5.jpg,0,1,1,0,0,0
levle0_291_jpg.rf.13e866d9535b18494126264653d5315d.jpg,0,1,0,0,0,1
levle1_75_jpg.rf.0723efb582fed88fb69541e0485a9fc2.jpg,0,1,0,0,0,0
levle0_128_jpg.rf.d0b1d146b51faefe9b53f6af368085e1.jpg,1,1,0,1,0,0
levle1_578_jpg.rf.6b7e7b8ab7be8501b0615acb88d95ce9.jpg,0,0,0,0,1,1
levle1_577_jpg.rf.75efcf95c600c9fee474f0bea0471381.jpg,0,0,0,1,1,0
levle0_111_jpg.rf.97fdcd328a573c183a7af496f7bc60be.jpg,0,1,0,0,0,0
levle2_190_jpg.rf.30f37c2077a6bed254781a67a076e33b.jpg,0,0,0,1,0,0
levle0_299_jpg.rf.9a5d0bbc19c211ce208e1e05bc551654.jpg,0,1,0,0,0,1
levle1_635_jpg.rf.4e5e77c2e6d2812ce2a79210e0968a51.jpg,0,0,0,1,0,0
levle1_145_jpg.rf.9e3116cffd1c6dac1686f18ba3ebd9bb.jpg,0,1,0,1,1,0
levle0_141_jpg.rf.846c232c98e2cb17cd4b7d0b55b6f3d8.jpg,1,1,0,0,0,0
37_jpg.rf.cca2898fa194fdbf112576ff3a8f4548.jpg,1,0,0,1,1,1
levle2_37_jpg.rf.5e4b2af18bb6c2afc1618df5d263fc44.jpg,1,1,0,0,0,0
a10_jpg.rf.e595dddc54973830f223d5104d30a884.jpg,0,0,0,1,0,0
levle1_78_jpg.rf.72f23c702d22fda75cfcd703d343c9e4.jpg,0,1,0,0,1,0
levle1_66_jpg.rf.54a977409c531c0c52f34f21cca6a91b.jpg,0,0,0,0,1,0
levle0_134_jpg.rf.d9ea84265cc04de2a3cee290a85ce717.jpg,0,1,0,0,0,1
levle1_583_jpg.rf.995fe67623672e6bd87145860051cf93.jpg,0,0,0,0,1,0
levle1_87_jpg.rf.c00bcbbfd63acba365cadb628f061f74.jpg,0,0,0,1,0,0
20_jpg.rf.8eedd5c5f050d1d05dc7d5c972a63bf9.jpg,0,0,0,1,1,0
01F3MMVKDS6PV036M8HGEPC85J_jpeg.rf.2e45e5b5a8be2d40f6f73f1f5a995edb.jpg,0,0,0,1,1,0
levle0_209_jpg.rf.0c57ddb2affb3d891869655c4dd940ba.jpg,1,1,0,0,0,1
levle1_79_jpg.rf.466685095b9c28bab6be421fdb77100e.jpg,0,0,1,0,0,0
levle1_362_jpg.rf.203517e430b0f14bcc5df5d6f5c9b3b9.jpg,0,1,1,0,1,0
levle1_170_jpg.rf.6def8758006a54fd15d500aaabbeba08.jpg,0,0,0,1,0,0
levle1_591_jpg.rf.12356c30a16672ab199b4ef28cc9d8c9.jpg,0,0,0,1,1,0
levle1_82_jpg.rf.30b5f0f28abf2a0ac1751955279ec55e.jpg,0,1,1,1,0,1
levle2_100_jpg.rf.da094302fc5010f421df71f8b59b3d9a.jpg,0,0,0,1,0,0
levle1_461_jpg.rf.33d5390776f836b9b4c6fef34f2a08d1.jpg,1,1,0,0,0,0
levle0_302_jpg.rf.7cd3d6ae534445e7d4b1f868baf26e51.jpg,0,1,0,0,0,0
levle2_108_jpg.rf.fcb516f871f5f524e8f3e9a0387bcd02.jpg,1,0,0,1,1,0
levle0_193_jpg.rf.32439a033b92de1f7afb964406470686.jpg,1,1,0,0,0,1
levle1_463_jpg.rf.13c0e9989321db4d0dc3a1fa472797bb.jpg,0,0,0,1,1,0
01F3MMVN2R6JWP0Z4SXC4EBCBE_jpeg.rf.f5487788b27d775ded5910399dbca93c.jpg,0,1,0,0,0,0
levle1_88_jpg.rf.5066af780d7afba2f988cb3e016e2d08.jpg,0,1,0,0,0,0
01F3MMYVZ5AMFQMQVMQYTSAEGA_jpeg.rf.e8ba0cf1ca12945a16abca3ba0e2b112.jpg,0,1,0,0,0,0
levle1_404_jpg.rf.fe5636dddd7d2d87d0b0d6e05da0c3a5.jpg,0,0,1,0,0,0
levle1_468_jpg.rf.50e00e41bf3eabe6e5d1884de5a7c744.jpg,0,1,0,0,0,0
levle0_189_jpg.rf.69df9ca1f8a7ee418fc2ba721096a0e2.jpg,0,1,0,0,0,1
levle1_592_jpg.rf.a2f65047f2ce1940fedfdc7a2c23e23b.jpg,0,0,0,1,1,0
levle0_211_jpg.rf.20ad32b57b5ee86c7042c07000a8266d.jpg,0,1,0,0,0,1
levle1_414_jpg.rf.b84d7f6e59b45b70597bd39136e6641e.jpg,0,1,0,0,0,1
levle1_410_jpg.rf.53bb4a87c17033ea1e16b7a198fba1a8.jpg,0,1,0,1,0,1
39_jpg.rf.3981568bc8dea801b7bb3ec3d10f8922.jpg,0,1,0,1,0,0
levle2_113_jpg.rf.5cb1a8d416e06929302381a3de94a16c.jpg,0,1,1,1,0,0
levle1_467_jpg.rf.2a1e1a4f26ba2da733880b5359dd747d.jpg,0,1,0,0,0,0
levle1_47_jpg.rf.03eeaf1c5c72b07ba03fa99397322e0d.jpg,0,0,0,1,0,0
levle0_213_jpg.rf.eb752ce70374d556578d523038456f04.jpg,1,0,0,0,0,1
levle1_474_jpg.rf.d25defbfc3936410cde2cf32076bda5b.jpg,0,0,0,1,0,1
levle1_477_jpg.rf.1ab7956e4af55c67651c9fd8cbf5dc3c.jpg,0,1,0,0,1,0
levle2_110_jpg.rf.dc1c9e72073d7ad435ed3dce6063b1e3.jpg,1,1,0,1,0,1
levle1_478_jpg.rf.5855d249fbddec59bedcf6f80680db2d.jpg,0,1,0,1,1,0
levle2_120_jpg.rf.9a61b3e8bed78a69ee80beb9041a2915.jpg,0,0,0,1,1,1
levle2_119_jpg.rf.1ff1f9f3c5e1de8174372c345aa38802.jpg,0,0,0,1,1,0
levle2_115_jpg.rf.91019c33ba364c01eb76d1596870a5c8.jpg,0,1,0,1,0,0
levle1_420_jpg.rf.1f989d9bbb4ed062801e84b2e9a3660d.jpg,0,0,0,1,1,0
levle1_48_jpg.rf.16c547dba9560436ef3c86d40cd88e4e.jpg,0,1,0,0,0,0
levle0_257_jpg.rf.262090100bac43f95f4d7dd0452b0820.jpg,0,0,0,0,0,1
levle0_323_jpg.rf.60ecafe9fa6356a65e4733571d7c213e.jpg,0,0,0,0,0,1
levle1_598_jpg.rf.62336949918e5790437bd4c0d52a3156.jpg,1,0,0,1,1,0
levle1_417_jpg.rf.a425168a0369d606a0384b7aa215930e.jpg,0,0,0,1,0,0
levle0_272_jpg.rf.8da955da630feb80eca986bfab0871f6.jpg,0,0,1,1,0,1
levle1_451_jpg.rf.400ab90cb562aaa8556af47b9e8cc41c.jpg,0,0,0,1,0,0
levle1_482_jpg.rf.e41568550e667f808aa2652e82a61db3.jpg,0,0,1,1,1,0
levle0_334_jpg.rf.a4b6494259dcafbf159f3e2673024f93.jpg,0,0,0,0,0,1
levle1_415_jpg.rf.1f8774c375883414ef0b7de9f6284f4f.jpg,0,0,0,0,0,1
levle1_464_jpg.rf.32aacdbea752a7e13cfe29cec8315a80.jpg,0,1,0,0,0,0
levle2_145_jpg.rf.c7b60c78a1a87be1177c88e492ac4a15.jpg,0,1,0,1,0,0
levle1_603_jpg.rf.cd8ed86caac62c7e5792926a8ea7f8c4.jpg,0,1,1,1,0,0
levle3_107_jpg.rf.964fe9172e6de4c9f02047a2a1058629.jpg,0,0,1,1,1,0
levle0_304_jpg.rf.66a5c4c46f6ab9ead0ed4e5e3e07949d.jpg,0,1,1,0,0,1
levle1_429_jpg.rf.73dcf50bc8f0cc3bb67e3b35ea765504.jpg,0,0,0,1,0,0
levle0_276_jpg.rf.eb4f751245ba92106706743833a3db4c.jpg,0,1,0,0,0,1
levle0_283_jpg.rf.e6f58054160053d5b71ebd82ae404fb1.jpg,0,0,0,1,0,1
levle1_481_jpg.rf.d0b9fc857306223f52ed2ed0b7dc342c.jpg,0,0,0,1,0,0
unnamed_png.rf.643fd2b9cfa732347e8e5a40dad4a859.jpg,1,0,0,0,0,0
01F3MMWK2WKFGMNCB4VC9D4CHD_jpeg.rf.7fd34c4336eaa055c6db8399ef4c0f39.jpg,1,0,0,1,0,0
levle0_322_jpg.rf.f60ba6777b4e751fcd86c4740e648068.jpg,0,0,0,0,0,1
levle2_135_jpg.rf.21ea570b407fb38dde99f2e654090eff.jpg,0,1,0,1,0,0
levle2_137_jpg.rf.ad68dd1b540b998e4ad78f51ef4d25e7.jpg,0,1,0,1,1,0
levle1_606_jpg.rf.66ba8b87922ec07438d5fc419bc4a26d.jpg,0,0,0,1,1,0
levle2_130_jpg.rf.086f8bf7309bf02b9fe7c118fbc2bf0e.jpg,0,1,0,0,0,0
levle1_476_jpg.rf.15589c855b730f92a1c2dc22f2071241.jpg,0,1,0,0,1,0
levle1_472_jpg.rf.184588857db0f48d14aa137aed5845a0.jpg,0,0,0,1,0,1
01F3MMXQ085C2RDJEHNDX2FMKE_jpeg.rf.5e27542eb5f3245de7c5190de32a8a7e.jpg,1,1,0,0,0,0
levle1_489_jpg.rf.2d768ea5fc78fd12888dafa066f576e5.jpg,0,1,0,1,0,0
levle3_93_jpg.rf.240b1d04e065076367f059be1d436ab8.jpg,0,0,0,1,1,0
levle1_487_jpg.rf.38732964a1f8f93f5a6e3411367db0cb.jpg,0,0,0,1,0,0
01F3MMX85MKKVDR2PMR3S2F4B6_jpeg.rf.282af5c7a4de575277ddaa7c776aedbf.jpg,0,0,0,0,0,1
levle0_377_jpg.rf.77c9e3aa0338b02400819e4ec60e61c7.jpg,0,1,0,1,0,0
levle0_493_jpg.rf.cbd4a156f910fed828d8d3082f1f0f29.jpg,0,1,0,0,1,1
01F3MMX7F3R8GQ4RSCMS4A7M09_jpeg.rf.e6d552b04e35adaa1205d941125ade4f.jpg,0,1,0,0,0,0
levle1_49_jpg.rf.3d06ab4d71c0fb9864490c893eb8e6e9.jpg,0,1,0,0,0,0
levle1_433_jpg.rf.b2f1e69e1230f7b8dc493bcc02188566.jpg,0,1,0,1,0,0
levle1_402_jpg.rf.5c037000744ab2f82c9ba0e4743ba409.jpg,1,0,0,1,0,1
levle1_491_jpg.rf.c200c3ee417bf72e986743c4fe8520c4.jpg,0,1,0,0,0,0
levle1_496_jpg.rf.41a6e832e8ca189afc9a50c4b46b8311.jpg,1,0,0,0,0,1
levle0_40_jpg.rf.a541a3d07e2ea9c3a2ff8720f0e0b263.jpg,0,1,0,1,0,1
levle0_491_jpg.rf.2687c81d77ad11032a0f4404a6e67ee9.jpg,0,0,0,1,1,1
levle1_44_jpg.rf.9623e79fb6b8f475d09f696c71e70e66.jpg,0,1,0,1,0,0
levle1_397_jpg.rf.c807acac0b38b463f0f80a28c9082b53.jpg,0,1,0,0,0,0
levle0_50_jpg.rf.196086a472c4ffd139bd76d48392636d.jpg,0,1,0,1,0,0
levle1_437_jpg.rf.100051ded6d258582c2f4d8d7bdf0abd.jpg,0,1,0,0,0,0
levle1_505_jpg.rf.d3319b4414eebcdff9a9cf569547cfdb.jpg,1,0,0,1,1,0
levle1_497_jpg.rf.676861d1105328ef615569e23d86e38a.jpg,0,0,0,1,0,0
levle0_375_jpg.rf.62ed466e88951a6779edce41644eaca3.jpg,0,1,0,1,0,0
levle1_493_jpg.rf.e1de9a7628a0951b9ca757b6964d7b5e.jpg,1,0,0,1,1,0
26_jpg.rf.97ecf7e6a6f5d4305ef773de2f37250e.jpg,0,0,1,0,0,0
levle3_105_jpg.rf.609b38e07d3c261b9deef01b5c4e0ff5.jpg,0,0,0,1,1,0
levle0_378_jpg.rf.8ff78b3f092cbf10f89c2f477a108763.jpg,0,1,0,1,0,0
ac1_jpg.rf.7684394b36669f91fe9462690c251239.jpg,0,1,0,1,1,0
levle1_412_jpg.rf.e728e8a97d0658ec09f97023f8d45b99.jpg,1,0,0,0,0,0
levle0_516_jpg.rf.d2ec12c36ab256344ce1ddd5d959a637.jpg,0,1,0,0,0,0
levle1_502_jpg.rf.324aef68cf92898690e85e271d286c3b.jpg,1,0,0,1,1,1
levle0_503_jpg.rf.f1ebdf08dd69abdc44f5fc40890cf778.jpg,0,1,0,1,0,1
33_jpeg.rf.f13be8a4cd839e2b7384b7ed8aafd923.jpg,0,0,0,0,0,1
levle0_41_jpg.rf.daed3ef541b238d9dbc1893674238891.jpg,0,0,0,1,0,0
levle1_422_jpg.rf.8925c36654e97a4c4079f2f574b17e8a.jpg,0,0,0,1,0,1
levle0_412_jpg.rf.79901d583c925aefca8cee6ad809a070.jpg,0,0,0,0,0,1
levle1_519_jpg.rf.46c5af183bb448483fb45cc9090ee459.jpg,0,1,0,1,1,0
levle1_394_jpg.rf.d79e575554f50f384250b11ae1df83a1.jpg,0,1,0,0,0,0
01F3MMXF7AMVDPVDESXA1YJNX5_jpeg.rf.c64e620e4c081d9db20c12e0d8d248cf.jpg,1,0,0,0,0,0
levle1_512_jpg.rf.7991023e2e2de4fb142aa000b1ea2a55.jpg,0,0,0,0,1,0
01F3MMWPHM7QWX87HTV8QSWJ7S_jpeg.rf.475b493344bd3bb9ac20e7673f53d346.jpg,1,0,0,1,1,1
levle1_210_jpg.rf.5f2af071014e154d1ff0f02537ec49a6.jpg,0,1,0,1,0,0
levle1_419_jpg.rf.a69e8b104bd185fe7aed7422535ccc15.jpg,0,1,0,1,1,0
levle1_423_jpg.rf.c8813ff5251ab6ee132c610ab5d97bc8.jpg,0,1,0,1,0,0
levle1_52_jpg.rf.ec1e80324c1acc98a27234f27b1e596e.jpg,0,1,0,1,1,1
01F3MMXHDK6SC93PVPSB2MFG62_jpeg.rf.a24dc07443b6e6919e27937be31b2196.jpg,0,1,0,0,0,1
levle1_248_jpg.rf.3385b374d216890ecaa317d2379a37b2.jpg,0,1,1,0,0,1
levle1_637_jpg.rf.b7bc685b43b6fd85f4f207a30f2e45cf.jpg,0,1,0,0,0,0
levle1_424_jpg.rf.cce438e3001574208500f097249d3e5d.jpg,0,1,0,0,0,0
levle1_526_jpg.rf.826aec88820af8d51f6582be92178960.jpg,0,0,0,0,1,0
levle1_536_jpg.rf.34a627f941de6c9827bece5ef9f8189a.jpg,0,1,0,0,0,0
levle1_535_jpg.rf.44614dbf8f210eeead6c519e24594fcf.jpg,1,0,0,1,0,0
levle1_405_jpg.rf.01216b118ddb4ef506646e2361942431.jpg,0,0,0,1,0,0
01F3MMXYDGEXQKQJRTNM7HN4H2_jpeg.rf.14aa61c79e1c05e50d224a48b6b4f90b.jpg,0,0,1,0,1,0
levle1_401_jpg.rf.9c92035367646e3af5ea73f98554cf5e.jpg,0,0,0,1,1,1
levle2_169_jpg.rf.1635b30cfbcab183ee53418c68a3bb60.jpg,0,0,0,1,1,0
levle1_529_jpg.rf.8784c96851cc105b34c9b9b49eb15a2d.jpg,0,0,0,0,1,0
01F3MMWQ8CPEGRTX4RR44TCJH8_jpeg.rf.2e8263496460423f22f00f176c3e35ec.jpg,1,0,1,1,1,1
levle1_534_jpg.rf.4f2447bf6a415f77633dd3b1f376a795.jpg,0,0,0,1,0,0
levle0_527_jpg.rf.fcb06d14ca5c0f835471e29e24c81bec.jpg,0,0,0,1,0,1
levle1_53_jpg.rf.7d7cc03aca316d45e26137d32027b0eb.jpg,0,0,0,1,0,0
levle1_29_jpg.rf.da33a896003dd0813384f54c6819f3b5.jpg,0,1,0,1,0,0
36_jpg.rf.5594d8399faacd3af42a1547c324262c.jpg,0,1,1,1,1,0
25_jpg.rf.dcb3c8d5787d844bff7730d63c0e2f5b.jpg,1,0,0,1,0,0
Ance-Scars_jpg.rf.c12a04c5dc3ac185990178d4a05014cf.jpg,0,1,0,1,0,0
levle1_521_jpg.rf.cce898f333167be94febb2cd0f524deb.jpg,1,0,0,0,1,0
levle1_539_jpg.rf.85bee2b44afaa21a1898f7c807ad6f20.jpg,0,0,0,1,0,1
levle1_311_jpg.rf.1447b8a2b265ac3a09d743d2d45a1fe6.jpg,0,1,0,1,1,0
levle1_439_jpg.rf.d1cffb7204ea1aded47fe07f89292f68.jpg,0,0,0,1,1,0
levle1_295_jpg.rf.eaf70e395098b30b9ef5a60cb4038a66.jpg,0,1,0,1,0,0
levle1_432_jpg.rf.3ff6be079af77482fcb461b013597320.jpg,0,0,0,1,1,0
levle1_312_jpg.rf.72ffa647f3b3a0cec873e7f27426bffe.jpg,1,0,0,1,0,1
levle0_54_jpg.rf.f997b7ebc32ddbd84bf80d54ad6d75f8.jpg,0,0,0,1,0,1
levle0_52_jpg.rf.5f05f0ecac1330b6f76aa21b2327eb25.jpg,0,1,1,0,0,1
levle0_57_jpg.rf.9222f8b2fa952044b5f69b07b2937561.jpg,0,1,0,0,0,0
levle1_545_jpg.rf.ef6cfd26271d8ba0039c945bb0bf1ce8.jpg,0,0,0,1,0,1
levle1_440_jpg.rf.d110dde5c2534c9e6520070d6b6a8462.jpg,1,1,0,1,1,0
levle1_435_jpg.rf.b8ab042fbae584c92bdccfb1da31a91c.jpg,0,1,0,0,0,0
levle0_58_jpg.rf.499d8cd053a2f7265c5986531f16d49f.jpg,0,0,0,0,0,1
levle1_550_jpg.rf.7fa284e17f3b4a368ab5ce5e8bd909b4.jpg,0,0,0,1,0,1
levle1_447_jpg.rf.ec6c1a2a5c42e05d4cf3bcb49698e0fa.jpg,0,1,0,0,1,0
levle0_494_jpg.rf.a4c54ee93d5adeb97ee46efc760c21e3.jpg,0,1,0,1,0,0
levle1_542_jpg.rf.59e52bccbc60a199dab4cf6a964b8995.jpg,0,0,1,1,1,1
levle1_559_jpg.rf.7d36b0756658f2f83b5a6770e29d5e13.jpg,0,0,0,1,0,0
levle1_33_jpg.rf.0e53d89b10682dc7db05eba173a11424.jpg,0,0,0,0,1,1
levle0_484_jpg.rf.71260be1fe0e41f85e4cd830a1392520.jpg,0,1,0,1,0,0
levle0_476_jpg.rf.8d41b265be707e8fc61d27ec35431c7d.jpg,0,1,0,0,1,0
levle1_262_jpg.rf.36d2e4990251c9018468fbdfaa91538e.jpg,0,1,0,1,0,0
levle0_487_jpg.rf.3a774386e1384f1654273afe561e2b89.jpg,0,1,0,0,0,1
a7_jpg.rf.77adea7b64362361f6a4a97ca760fd81.jpg,0,0,0,0,0,1
levle1_330_jpg.rf.64c9fef003880d8e751445e938d804b0.jpg,0,1,0,1,0,0
01F3MMWNXPEZ1XR663SPGRBJBB_jpeg.rf.35335ac92a60602f8499aa818fcaa9e7.jpg,1,0,0,1,1,0
levle0_49_jpg.rf.d1c3335da199fa5f414d8f53131c9268.jpg,0,1,0,0,0,1
levle1_552_jpg.rf.d2a4841112d6eafe76e5bd1810b34865.jpg,0,0,0,1,0,0
levle1_353_jpg.rf.4dfed542815906ca37eef530b659a63b.jpg,0,1,1,0,0,0
levle0_489_jpg.rf.45b473a407043df38ee1cc63ce901be7.jpg,1,1,0,0,1,1
01F3MMW76VJNVVBK80WE695CN3_jpeg.rf.6ce8350266a3348cd0f3adfb7555f6eb.jpg,1,0,0,0,1,1
01F3MMXJ24BWB58NHE1QVGMZJ3_jpeg.rf.3e11aad7d98474754907142e3e4ed8ec.jpg,1,0,1,0,0,0
01F3MMXZNGTYR6W8XWY0NEBP3Y_jpeg.rf.8125987c2dcaac4748d77b3dd9c8ce7f.jpg,0,0,0,0,0,1
01F3MMXHDK6SC93PVPSB2MFG62_jpeg.rf.9947dd6a89c243f94a8b370593070055.jpg,0,1,0,0,0,1
01F3MMWE5K79PAZ2BXYDN3NG2F_jpeg.rf.62cff7e7a901eed37d3cb335178e7532.jpg,0,0,1,0,0,0
01F3MMXMYGHN7BCR4C14TZXCBE_jpeg.rf.52ed82124c73565aa72f2c11b42ebb6b.jpg,0,0,0,0,1,0
01F3MMWFKMEV4ZTBMDTVCRNY93_jpeg.rf.04a2060e973429552fcba42350a35b7b.jpg,0,0,1,1,0,0
levle1_439_jpg.rf.668e55798bed9db6baf6ef8c1c5662e6.jpg,0,0,0,1,1,0
01F3MMW6HFPKJZRQX42WMQXFJW_jpeg.rf.857fea5c7b93d2e1a13b7765a5eba9e0.jpg,0,0,0,1,0,0
01F3MMXNNM9CTRH5KH09BRA2EH_jpeg.rf.7726d0e634d9f95144c93b5bc6ef2238.jpg,1,0,1,0,0,0
levle0_368_jpg.rf.bf39780646d72dc19bfe99481aea5312.jpg,0,1,0,0,0,1
levle1_436_jpg.rf.c16da5e5d52a2af46b92d2f57cd33b8b.jpg,0,1,0,1,0,0
22_jpg.rf.c0528c3be2e1b95c04769b9efa47c0db.jpg,1,0,0,1,1,0
levle0_291_jpg.rf.04c88e2350e99bd9fd5a180fe0713bf9.jpg,0,1,0,0,0,1
levle0_453_jpg.rf.6ba223fe2b27dc9214e162f0da711e1d.jpg,0,1,0,0,0,0
01F3MMWG8FVBE4Y7CBX1WD0A5S_jpeg.rf.b43bc64cb347dceb89e2326c7f3bca88.jpg,1,0,0,1,1,1
levle0_459_jpg.rf.b93685ceee4551e571a65a028da4c20d.jpg,1,1,0,1,0,0
levle1_486_jpg.rf.a2bd22ed7423270cfb1f0a968a5cb2c7.jpg,0,0,0,1,0,0
levle0_361_jpg.rf.262b1f99153668a250a76dce36cf3400.jpg,0,1,0,0,0,0
levle1_311_jpg.rf.ab6d3e1b72ba7efc33d9e19265c101f3.jpg,0,1,0,1,1,0
levle0_460_jpg.rf.9b3657fc0198cd36f2798429bd125772.jpg,1,1,0,0,0,0
36_jpg.rf.40288f6d2431050ace0b312c4bebf013.jpg,0,1,1,1,1,0
01F3MMXPCMJG0YNSRQB08N2W6Y_jpeg.rf.29f7d1cefa1e71ceab102ab761f316b7.jpg,0,0,1,1,1,0
levle0_375_jpg.rf.47d663bbf101011224236dda3e0f8d6e.jpg,0,1,0,1,0,0
levle1_440_jpg.rf.1be3887e4ab8920ea947343d8cfc509b.jpg,1,1,0,1,1,0
levle1_192_jpg.rf.9c9c6ef31c5516c6fd43a7fa58e98255.jpg,0,1,1,0,0,0
levle0_363_jpg.rf.6b9cfd03106023117cf056e6595c3440.jpg,0,1,0,0,0,1
levle0_4_jpg.rf.f73a5b908a846ef78b551adf034aeb50.jpg,0,1,0,1,0,0
levle1_308_jpg.rf.311c55abe9cf54b2eaafb26a62f8790d.jpg,0,1,0,1,0,0
40_jpg.rf.c46794d6b1209e2b01f068c52e33a387.jpg,0,0,0,0,1,0
levle1_433_jpg.rf.ddd6ae1c55fb56cd6b5e93beb4893849.jpg,0,1,0,1,0,0
01F3MMX64ED5NBG8MY7SYNDM95_jpeg.rf.3690946a9933b76f12f98b67ecb66075.jpg,0,0,0,1,1,0
01F3MMXQN9NJC9Q1NSDAPQ032P_jpeg.rf.1a83afedfd7687d74eb54276f5daeae9.jpg,0,0,0,1,0,0
levle1_195_jpg.rf.6c59d2de3682d3f82c197d936776c804.jpg,0,1,0,0,0,0
levle1_196_jpg.rf.2dbc3d34e11fca12f2b1f342ea180fc7.jpg,0,1,0,0,0,0
levle1_488_jpg.rf.baa8e32b20be1eb767f6a46de168e038.jpg,0,1,0,1,0,0
32_jpg.rf.5b8be7117f07bacd394685833aa97573.jpg,0,0,0,1,1,0
levle1_451_jpg.rf.b32dab24de862b9627bccadbde978752.jpg,0,0,0,1,0,0
levle0_469_jpg.rf.e03847c606886392319a392922a1fd21.jpg,0,1,0,0,0,0
01F3MMWA0ZXZAHHVH6VFY7VSEH_jpeg.rf.c3622c2f95d88d5a7eefd8ec20c37245.jpg,1,1,1,0,0,0
01F3MMX85MKKVDR2PMR3S2F4B6_jpeg.rf.111200783fceb71762562766db159321.jpg,0,0,0,0,0,1
levle1_487_jpg.rf.8856c90c9c7633c097f03cc1e9410d5e.jpg,0,0,0,1,0,0
levle0_470_jpg.rf.4bbb2ba942e28a98e79e6af018e17856.jpg,1,1,0,0,0,0
37_jpg.rf.9f621dfb9d261c5a515e05632324b518.jpg,1,0,0,1,1,1
01F3MMWHQX27K1VQ2DNNKGJZRV_jpeg.rf.7812484e9cde2456107a3c53d2c9612e.jpg,1,1,0,1,1,0
levle1_317_jpg.rf.a120a3db205db6752ffa165816f43666.jpg,1,1,0,1,1,0
levle0_376_jpg.rf.106629492f68500ab67328623f58f667.jpg,0,1,0,1,0,0
01F3MMXB1J4R2EMZD92VX3HAQJ_jpeg.rf.e4ed0a7b1bea18b9bc41dc7dd44a0c92.jpg,0,1,0,0,0,0
01F3MMWASQXMT2JDT81P87MS6M_jpeg.rf.b60ceffdbff969488a788a2475d94d80.jpg,1,0,1,0,0,1
levle1_205_jpg.rf.a125be7177072f01d627ab9a18bf20eb.jpg,0,0,0,1,0,1
01F3MMXVNN0X7642THC07Y3NTP_jpeg.rf.941c3e4d0b60262401e63b05bd94c7a0.jpg,0,1,0,1,1,0
levle1_312_jpg.rf.a40f264de44ac304a062e04c853098da.jpg,1,0,0,1,0,1
levle1_330_jpg.rf.812cd46fb5983882d162d81040107a85.jpg,0,1,0,1,0,0
levle1_33_jpg.rf.8162303e957ba882684d660f62b97805.jpg,0,0,0,0,1,1
levle0_388_jpg.rf.5310caa2ae74604053e872582dc03652.jpg,0,1,0,0,0,1
levle0_476_jpg.rf.8a073182801a2256991f442643c1f5c0.jpg,0,1,0,0,1,0
levle1_308_jpg.rf.eeb47d43d9088dcb398ce858d9ba7684.jpg,0,1,0,1,0,0
levle1_354_jpg.rf.5919e556fa2e25fd143555d9658fc844.jpg,0,1,1,0,0,0
levle1_45_jpg.rf.95dc251c93d8661b36c82621bf40f736.jpg,0,1,0,0,0,0
levle1_450_jpg.rf.2fccfc90d1798a8a17715ed18258878d.jpg,0,0,0,1,1,0
levle0_477_jpg.rf.854db7904b69dfc4421e0d68c89d079c.jpg,0,1,0,0,1,1
levle1_402_jpg.rf.312673e9eba60321b2d97b36bcc2db38.jpg,1,0,0,1,0,1
levle0_465_jpg.rf.5237065b3187886f8e3542bffd104bda.jpg,1,1,0,0,0,1
levle1_462_jpg.rf.f1ca28996c8489b2606227b80e0a0263.jpg,0,1,0,0,0,0
01F3MMXBNRXCZS7NZQCG8KEKS6_jpeg.rf.d68e4f4acdc2d9f154bc0f0567e20c38.jpg,0,1,0,1,0,0
levle1_457_jpg.rf.14839609a78cad4054ce2ddfce184bd8.jpg,0,0,0,1,1,1
01F3MMWK2WKFGMNCB4VC9D4CHD_jpeg.rf.2c777c7d88499ebf6f8542a2a4c44678.jpg,1,0,0,1,0,0
levle0_399_jpg.rf.b48a3f014e50797c792e34ebebae9795.jpg,1,1,0,1,1,0
levle1_360_jpg.rf.7cedd8012f3c2b13febcebffab75a571.jpg,0,1,0,0,1,1
levle1_411_jpg.rf.a224cc501665b416d5c25da169705634.jpg,1,0,0,0,0,1
levle1_337_jpg.rf.00b26a0b62821331f5afd175d64650d6.jpg,0,1,0,0,0,0
levle1_255_jpg.rf.befb42e4e14ad5ec15e293672154386f.jpg,0,0,0,1,1,0
levle0_405_jpg.rf.5c39341a43b40a2f5735a35362c997da.jpg,0,0,0,1,0,0
01F3MMXWZ3RDZK2NY0RMXSY8BX_jpeg.rf.ba0cb9bbac9f7ba53eaabb011de91be3.jpg,0,0,0,0,1,1
levle1_451_jpg.rf.0d9d0ccc9d73d201eb10b07d229e68b0.jpg,0,0,0,1,0,0
levle1_410_jpg.rf.9f5a8ebe223592081ec239f7805cc9af.jpg,0,1,0,0,0,1
levle1_362_jpg.rf.7e936676c901b2361f02e207fc2acd10.jpg,0,1,1,0,1,0
levle0_486_jpg.rf.100400724b5d34fe76c71cb8c74f34f6.jpg,0,0,0,0,1,1
levle1_467_jpg.rf.4e5fc528a7c62ffc159b75ffe42e6538.jpg,0,1,0,0,0,0
levle1_351_jpg.rf.ddfc23f8c51d720fcd4bdf587ca07bb7.jpg,0,1,1,0,0,1
01F3MMXXQ216VQQCFX52XE8YJM_jpeg.rf.4556635e03b8b4eb65208173accfb07f.jpg,0,0,0,1,0,0
levle0_484_jpg.rf.b99f1a0567a011622b07dad4dfa83fb1.jpg,0,1,0,1,0,0
levle0_402_jpg.rf.12f379acef96a085865afce37e6ccc1d.jpg,1,0,0,1,0,0
levle1_347_jpg.rf.e9aab2e2d30bb6b7e97adb2688827a70.jpg,0,1,0,0,0,0
levle1_394_jpg.rf.290dc186639e203a309ccd3086d9676b.jpg,0,1,0,0,0,0
levle1_342_jpg.rf.e16f611ae303f4742022701927b7c213.jpg,0,1,0,0,0,1
levle1_475_jpg.rf.4e8aadddc2265b71394b375124f182ee.jpg,0,0,0,1,1,0
levle1_223_jpg.rf.785031b9a710176cddecb60bf4d6ac49.jpg,0,0,0,1,1,0
levle1_480_jpg.rf.f7b22e4c7ca413dce3c221da71a39b94.jpg,0,0,0,1,0,0
levle1_488_jpg.rf.a12c5e28530ee0d9ca986090bd56011f.jpg,0,1,0,1,0,0
levle1_354_jpg.rf.4826640d8d220f6a6e298cea0632c13c.jpg,0,1,1,0,0,0
levle1_469_jpg.rf.15c25b88d283fe0d6be5d22155d9b945.jpg,0,1,0,0,0,0
levle1_486_jpg.rf.93f554a6d0095754ed5d3ca074e560e1.jpg,0,0,0,1,0,0
levle1_440_jpg.rf.cd0600646976117580c555bc94a37ecd.jpg,1,1,0,1,1,0
levle0_49_jpg.rf.a0aaceaa0d66180468275a2247137c65.jpg,0,1,0,0,0,1
levle1_482_jpg.rf.e223103f4b5862c01370de05d29ce2ad.jpg,0,0,1,1,1,0
levle1_447_jpg.rf.b2b3ceda4e893681f21615b2dd5db5c5.jpg,0,1,0,0,1,0
levle1_49_jpg.rf.86e052240b4ddf75cfd66303c6e25727.jpg,0,1,0,0,0,0
levle1_224_jpg.rf.aa9ef935852c6623dfa48f0498f02855.jpg,1,1,0,0,0,0
levle1_481_jpg.rf.73bd5138cc9e4d1dcb8c05610ebb0125.jpg,0,0,0,1,0,0
levle1_463_jpg.rf.d3946d7fa037d9b67d10ad2e0be1e85d.jpg,0,0,0,1,1,0
levle0_424_jpg.rf.2630feef8c6ef59e9fb239125089fc72.jpg,0,1,0,0,0,1
levle0_50_jpg.rf.4c46918672e4beff45f262776dbcd578.jpg,0,1,0,1,0,0
levle1_407_jpg.rf.b8081eb6c95a8538f081c30132596ef7.jpg,0,1,0,0,0,0
levle1_469_jpg.rf.2ab61860744e8a7a6a084ddb61592801.jpg,0,1,0,0,0,0
levle1_478_jpg.rf.f5d23fe725a37fb42a47e0d47935ac6c.jpg,0,1,0,1,1,0
levle1_243_jpg.rf.76973a5a6f6e69995183d97a73225813.jpg,1,0,0,1,0,0
levle1_401_jpg.rf.ce579830460db3774accba04ca4d5b4f.jpg,0,0,0,1,1,1
levle1_411_jpg.rf.bf8dc6169b31333a6065fc912c4f95bc.jpg,1,0,0,0,0,1
levle0_322_jpg.rf.eaf257e5dd37a75e20d78440323bd44b.jpg,0,0,0,0,0,1
34_jpeg.rf.058648e36786f9247c60d48bb51dc697.jpg,1,0,0,0,0,0
a3_jpg.rf.b703f81aea7c2865c1ae1b6cfcfa176f.jpg,0,0,0,0,0,1
levle0_514_jpg.rf.e36e2087fceb651850418e6183080caa.jpg,0,1,0,0,0,0
levle1_472_jpg.rf.38f00bbb80f339a2a554a156bdd64f1e.jpg,0,0,0,1,0,1
levle1_404_jpg.rf.21ee9308dd5999c7ec2a924e84273514.jpg,0,0,1,0,0,0
39_jpg.rf.3fade81c4ee98b7c39125dd4161dbf7a.jpg,0,1,0,0,0,0
levle1_479_jpg.rf.86241f6b8a016d6cbf03bd97e9566eff.jpg,0,0,0,1,1,0
01F3MMXFXYSP328NBSJCV28XBP_jpeg.rf.75b889f2646de416cde2da2087218f1a.jpg,0,0,1,0,1,0
levle1_415_jpg.rf.f2c3c3e23bc744fd2925ef7cc9ed9d62.jpg,0,0,0,0,0,1
levle1_488_jpg.rf.b3367504d8bbf8864b252a9148ef4ca9.jpg,0,1,0,1,0,0
levle1_417_jpg.rf.8a450e5948483a30e7cdcfb8d4ab8244.jpg,0,0,0,1,0,0
levle1_474_jpg.rf.22f3aef656fe6eb193e74f47a7678ad4.jpg,0,0,0,1,0,1
levle0_503_jpg.rf.de6cd69c528d4f27daa5db1679a34c32.jpg,0,1,0,1,0,1
levle1_405_jpg.rf.c7bbb2d371b6c2db97a4556b13895714.jpg,0,0,0,1,0,0
levle1_48_jpg.rf.9f6d9b0aec486bd927c802a9a1137764.jpg,0,1,0,0,0,0
levle1_476_jpg.rf.79c60991397225749ba9a6a0a52870ae.jpg,0,1,0,0,1,0
levle1_248_jpg.rf.7271e5941057d980cf9a64328c6fb63b.jpg,0,1,1,0,0,1
levle1_412_jpg.rf.3ee4649f414d1864b9b45b377a903d29.jpg,1,0,0,0,0,0
01F3MMWSAGG0C6JYE1NYSM6GM4_jpeg.rf.8df158b0354d71ad33d98d5ade7dccf4.jpg,1,0,0,0,0,1
levle1_414_jpg.rf.3790c2ea44ec3663e9ee4c278579311b.jpg,0,1,0,0,0,1
levle1_414_jpg.rf.0f2c3a654fcce076957935f91af28df2.jpg,0,1,0,0,0,1
levle1_23_jpg.rf.e62bae500d012cf2090873493cdc68a3.jpg,0,1,0,0,0,0
levle0_510_jpg.rf.592d295beca04704df3a00be70f25e73.jpg,1,1,0,0,0,0
levle0_334_jpg.rf.8420f5372f0a6407fdcb1cc7239a4b11.jpg,0,0,0,0,0,1
levle0_9_jpg.rf.a1c74030d4cd094ebefbdf07f4b5721a.jpg,0,1,0,0,0,0
levle1_416_jpg.rf.4a1976df8ee6324f05ffa95b6bf88897.jpg,0,1,0,1,0,1
levle1_472_jpg.rf.098e042ae366ab540611b39fb344bf09.jpg,0,0,0,1,0,1
levle0_429_jpg.rf.fd25d8489be6e5fca8d72f40a5ed0e2c.jpg,0,1,0,0,0,1
levle1_496_jpg.rf.486a5f42fb063064b3d1da845c2c352b.jpg,1,0,0,0,0,1
levle1_30_jpg.rf.60aba37e2564fa8979db251db3ed337b.jpg,0,1,0,1,0,0
levle1_424_jpg.rf.4082cfa5f390fe94a836289eb216d640.jpg,0,1,0,0,0,0
levle1_500_jpg.rf.b1c21a5292df6e216b99cc5d3cbde0fe.jpg,1,1,0,0,0,0
01F3MMWT0B1CGT5C650VZ0YSPN_jpeg.rf.be6e7f262401b2a33e0a646999d69494.jpg,1,1,0,1,1,0
levle1_436_jpg.rf.827d63f7e6cd78616164ae90705f7dc4.jpg,0,1,0,1,0,0
levle1_494_jpg.rf.9322099a1281bad600087747e92d50a5.jpg,0,1,0,1,0,0
levle1_428_jpg.rf.b83515a7c65f6845f77b22a23d6a28ea.jpg,0,0,0,1,1,1
levle0_441_jpg.rf.95af187b38daae468319416bfac1e982.jpg,1,1,0,1,0,1
levle0_428_jpg.rf.8acfa1933f790ed0cb261f5dce3b33c5.jpg,0,0,0,1,1,0
levle1_421_jpg.rf.90fb46e698e63f3530673a8321d15e65.jpg,0,0,0,0,1,0
levle0_526_jpg.rf.25a86c73da7e98a3960e439b95ea2c1a.jpg,0,1,0,1,0,0
01F3MMYMKG199SD4K8HKD9NKP5_jpeg.rf.fcb02922c6bd889e788f6d0600eff7b0.jpg,0,1,0,1,1,1
levle1_43_jpg.rf.2828b42a08769e092b007f2b763ee387.jpg,0,1,0,0,0,0
24_jpg.rf.771b727942178fecaf489e82bba1589c.jpg,0,1,0,1,0,0
ac1_jpg.rf.e57cdd77ea92132a481c69b776dcc44b.jpg,0,1,0,1,1,0
01F3MMVXXRHA3S1EBPKVXEFEZZ_jpeg.rf.e656f32115a2ba374b9563095fd3db66.jpg,0,0,0,1,1,1
levle1_423_jpg.rf.95ab48989f55b5a809ae4cbe6a96bb9e.jpg,0,1,0,1,0,0
levle1_42_jpg.rf.43e86321dba34441644a37211082f801.jpg,0,1,0,0,0,0
levle1_493_jpg.rf.37b6f0722666551ccd8ce82807f6b3d4.jpg,1,0,0,1,1,0
levle1_572_jpg.rf.60b7b64fbab7e06322dae0e4b91bd240.jpg,0,0,0,1,0,0
levle0_376_jpg.rf.648f1eff6ed9e5fab1283f3af62d8fa8.jpg,0,1,0,1,0,0
levle0_515_jpg.rf.abdcf62892163c0cd15896a1d7bb99aa.jpg,0,1,0,0,0,0
levle2_163_jpg.rf.614a41f07a2c02997600b5ae98ead593.jpg,0,1,0,0,0,0
01F3MMW76VJNVVBK80WE695CN3_jpeg.rf.392cda8a37e2f4cdaa8e1ad9c817c3e3.jpg,1,0,0,0,1,1
levle0_424_jpg.rf.542254c0ce2e1d011a6bcd79d6b9a9f0.jpg,0,1,0,0,0,1
levle3_71_jpg.rf.21f17e331906fe00e1dbb2c5cfbea7b9.jpg,0,0,0,0,1,0
levle0_379_jpg.rf.b8931eafb30a5d21996367bca2e252f9.jpg,0,1,0,1,0,0
levle0_428_jpg.rf.c501fa399f0a2937cf8a6973053f5347.jpg,0,0,0,1,1,0
levle1_561_jpg.rf.54b3372a78f1cfdbdd9da450db47f5fd.jpg,0,0,0,1,0,0
01F3MMW9B3FDZVQ1FDZKK5XY7Y_jpeg.rf.2af680808e3e515c7247884792f548c2.jpg,1,0,0,0,1,1
levle0_470_jpg.rf.c0ac807708cd6e2822f812a5b76d60a4.jpg,1,1,0,0,1,0
levle2_161_jpg.rf.9f292eb739710ad3f7700bb7a8d1b74c.jpg,0,0,0,1,1,1
24_jpg.rf.06821928030b9c3bd7826c3ea3ab8263.jpg,0,1,0,1,0,0
levle0_400_jpg.rf.eb7e5fd80778bd8dac561836fb0c726e.jpg,0,1,1,1,0,0
levle0_439_jpg.rf.c093934426f5be67ef0af19215f4138b.jpg,0,0,0,1,0,1
levle3_126_jpg.rf.b2ba57c728a93369a238550f1fdd55fc.jpg,1,0,1,1,1,0
levle3_102_jpg.rf.c4ddfbd4666ba3d14ae35e9dc5a16ae1.jpg,0,0,0,1,0,1
levle0_419_jpg.rf.cc8a998bda2974812582306e632923d4.jpg,0,1,0,0,0,1
levle3_122_jpg.rf.779dd8cf2ddf8e126c2e3ea1787f3397.jpg,0,1,0,0,1,0
01F3MMW2Y2EEM0YF89SD96ZNGJ_jpeg.rf.fc1f71350083d4631ba00854c05f680c.jpg,0,0,0,1,1,0
levle0_504_jpg.rf.6abd0e927542cc70986885e5c1d30490.jpg,1,1,0,1,0,0
levle1_573_jpg.rf.435c46515c7d7e8388115e4dc735472c.jpg,0,1,0,0,0,0
levle3_104_jpg.rf.64cca2468f533293cd490d7b3a905693.jpg,1,0,1,1,1,0
levle0_39_jpg.rf.f3fee904f7d9ec715e3a1ec9b2e3cf52.jpg,0,1,0,1,0,1
levle2_178_jpg.rf.0eea5288fcc736138631615c25e7f4c3.jpg,1,0,0,1,1,0
levle0_388_jpg.rf.d096bb32c7cb9291ab3b1922893deb3e.jpg,0,1,0,0,0,1
levle0_441_jpg.rf.bfcde67b72a495c48cdae1250f5bb1a1.jpg,1,1,0,1,0,1
levle3_54_jpg.rf.0f4a8d100f82bcd1fdd30a7ae8eec676.jpg,0,1,0,1,1,0
levle0_446_jpg.rf.9acb492400b06935c19d3653f7abef74.jpg,1,0,0,0,0,1
levle2_180_jpg.rf.66accf012fc0bd585709a1217af19596.jpg,0,0,1,1,0,0
01F3MMZ5Y0XG30V9VSBY6CY23P_jpeg.rf.7732568769e0b97693cd0e271006dc24.jpg,0,0,0,0,1,0
levle2_20_jpg.rf.29a301677b6edb0f2c248106e6c07bdc.jpg,0,0,0,1,1,0
levle3_47_jpg.rf.1e8aaa29e67b9674ee1262f2a15f012d.jpg,0,1,0,1,1,0
01F3MMZ6PBPZ02R00D2GS0XSDQ_jpeg.rf.7a4f1f29668b715e4269a23afbb9b981.jpg,0,0,0,0,1,1
levle2_67_jpg.rf.4dbfce7bf81c1dd4d8774ab8ea2d254d.jpg,0,1,0,1,0,0
levle2_179_jpg.rf.443c8827105d7ce6054de78b5bd94b5a.jpg,0,0,1,1,0,0
levle3_63_jpg.rf.1a75b573f27ed52ba9e898124674e863.jpg,1,0,0,1,1,0
levle2_183_jpg.rf.2d7d6ef7aabec28f41e64ba42296880c.jpg,0,0,1,1,1,0
levle1_564_jpg.rf.6734e5971a6bc7780d5c79c34972a42d.jpg,1,0,0,0,0,0
levle0_429_jpg.rf.e4c649b794d439d4b55f42dafe9ae536.jpg,0,1,0,0,0,1
01F3MMWG8FVBE4Y7CBX1WD0A5S_jpeg.rf.3c1009c0b8e5333c1a8dc98d7525f836.jpg,1,0,0,1,1,1
levle0_518_jpg.rf.c27ecb7f86552d7bbdc560b34e069994.jpg,0,1,0,0,1,0
pa0cgx3yyu9iQ2Ks1zr-o_jpg.rf.f8ea103d6a11cb4618b428e15a65eb0e.jpg,0,0,0,0,1,0
01F3MMWFKMEV4ZTBMDTVCRNY93_jpeg.rf.d85d7240eb76cccb5d5ccb00d5d2a1e2.jpg,0,0,1,1,0,0
levle1_492_jpg.rf.e036fe2104933c462d6f366cf7511b62.jpg,0,1,0,1,0,0
levle0_35_jpg.rf.bdb1d775dba9e8cf53c887e3ad872bf5.jpg,0,0,0,0,1,1
levle0_355_jpg.rf.6399f09b7cb18ee1912a797db6cbade3.jpg,1,0,0,1,0,1
levle2_43_jpg.rf.33e61dee15c69f8ff21c1f566e3ed704.jpg,0,1,0,1,1,0
levle2_59_jpg.rf.3ae39e7565888228eb02672227d7ed22.jpg,1,0,1,1,1,0
levle2_81_jpg.rf.c622e50ec20dae30859b16a0906dfc81.jpg,0,0,0,1,1,0
levle2_78_jpg.rf.991b4d2cfa6166800bfc401752fcfad9.jpg,0,1,1,0,0,0
levle3_91_jpg.rf.a5b84dc1aea76773bf0cf9dbffd0f1f4.jpg,1,0,0,1,1,0
levle2_47_jpg.rf.3f4deb5657f26921ed5cab289534aa18.jpg,0,0,0,1,0,0
levle3_90_jpg.rf.0ca170cfff1e1472f108fc67dd67a1fe.jpg,0,0,0,1,1,1
levle0_361_jpg.rf.7b8dbaff80bc68a3f52aedaf10314944.jpg,0,1,0,0,0,0
levle2_75_jpg.rf.cd6098b7bc27ab07621fb99ff642e2bb.jpg,0,1,0,0,0,0
levle2_69_jpg.rf.3024c46f1a8d01709e9c6c8294ca6d3f.jpg,0,0,0,1,1,0
levle2_74_jpg.rf.9d328a4eecbe1ed149a08c7b11a6b063.jpg,1,1,0,0,0,0
levle2_61_jpg.rf.71f13f2728098d5273dc5b78d9f72254.jpg,0,1,0,0,0,0
levle3_94_jpg.rf.ef8ae61980e331e141ece662b7ffa0e5.jpg,0,0,0,1,1,0
levle2_84_jpg.rf.dd3e3a4ad2960afbc1c0179e60b620e3.jpg,1,0,0,1,0,0
levle1_504_jpg.rf.56305745dbfc60e1f565f90815464c0d.jpg,0,1,0,0,0,0
levle2_66_jpg.rf.6688253b722d22f968aa26ba45e16d4b.jpg,0,1,0,0,0,0
01F3MMWT0B1CGT5C650VZ0YSPN_jpeg.rf.31998063c29f246e3c9734adf87dff57.jpg,1,1,0,1,1,0
levle3_132_jpg.rf.73fcd909a2f51ff15f800e13e5c24048.jpg,1,0,1,1,1,0
levle0_68_jpg.rf.06afe3384696a44df02e6144d8dd07ae.jpg,1,1,0,1,0,0
01F3MMWSAGG0C6JYE1NYSM6GM4_jpeg.rf.8773b2811c00c726c3cb63efdd3430cb.jpg,1,0,0,0,0,1
levle0_86_jpg.rf.15e2c3c12b7a63f8494a168bb7697d0d.jpg,0,1,0,0,0,0
levle0_76_jpg.rf.49c7195075879858729f69e0fa742ea0.jpg,0,1,0,1,0,0
levle0_90_jpg.rf.0fc444ecb0337651639e4ba98fa2ab3f.jpg,0,1,0,1,0,1
levle1_50_jpg.rf.c11fd04567f58fce196079b0475c9d94.jpg,1,0,0,1,0,0
levle1_498_jpg.rf.e67f22883eb96f6248c07f69afe6f91f.jpg,0,0,0,1,0,0
levle0_87_jpg.rf.ec772dc0e143013de0a129af348355df.jpg,1,1,0,0,0,0
levle3_92_jpg.rf.5081104bf7e29e6f10f8f851b8f464df.jpg,1,1,0,1,0,0
levle0_83_jpg.rf.2d051f463c2094ba8e891bd9ffd82c23.jpg,0,1,0,1,0,0
levle0_74_jpg.rf.1cd8a666ea52a1451dac8edd7f65d781.jpg,0,1,0,0,0,0
01F3MMWVX2Z9ZE1Z0Y3R4JA8B5_jpeg.rf.975ac165ce274325684f3795ace6e77b.jpg,1,0,0,0,1,1
levle1_109_jpg.rf.6d3cfa8e64cbe3f403ccb865dd41ed31.jpg,0,0,1,1,0,0
levle0_406_jpg.rf.daed2ed8f494c22beadfdcf07f001497.jpg,0,0,0,1,0,1
levle0_88_jpg.rf.156e6762ca515e733bb4c859d212f22b.jpg,0,1,0,0,0,0
levle0_89_jpg.rf.7faf15b72bc5f7ae905929fbf1e16cb1.jpg,0,1,0,0,0,0
levle1_114_jpg.rf.d3edae80b4dbdd5e94b5589a12f522a2.jpg,0,1,0,1,0,0
levle1_111_jpg.rf.280a471da12aa6909248071eff126842.jpg,0,1,1,0,0,0
levle1_100_jpg.rf.db0d8be25e19940b286dda378bd93646.jpg,0,1,0,1,0,1
levle1_113_jpg.rf.07858270831db42af7589f26649d4e11.jpg,0,1,0,1,0,0
01F3MMWYSD0H8X9217EFP9VCYN_jpeg.rf.55360144db7a6583c809de7b009c7a18.jpg,0,0,1,1,0,0
levle1_129_jpg.rf.16bfc2fd8ffbd52eaca2dc60325e8a67.jpg,0,0,0,1,1,0
levle1_135_jpg.rf.1dad07edefe65c85d1bd23bf6a49809d.jpg,0,1,0,0,1,0
levle0_300_jpg.rf.2827a75da151589f00057dd66c87f37c.jpg,0,1,0,0,0,0
01F3MMZ02QJ70C2QHKWDNJRWV6_jpeg.rf.06b2a671584a4dcd08a0f0ee74883000.jpg,0,0,0,0,1,1
levle1_124_jpg.rf.c5c59fe027a568cba907c0c5b63730d9.jpg,0,1,0,0,0,0
01F3MMX64ED5NBG8MY7SYNDM95_jpeg.rf.0af53ef1917c7e9efb4b66a70760de09.jpg,0,0,0,1,1,0
levle0_526_jpg.rf.16d6657c470a48fd804695a9a0049a80.jpg,0,1,0,1,0,0
levle1_118_jpg.rf.1e84fa4ce30ae1893da261033a21b5e2.jpg,0,0,1,0,0,1
levle1_150_jpg.rf.d9e88dd1a1f2ff43b5fca778f12521e1.jpg,0,1,1,0,0,0
32_jpg.rf.9cf7b1e1202922c01234c7539cf2acc8.jpg,0,0,0,1,1,0
levle1_203_jpg.rf.fc2c6cf9fbd600ec85443de13163488f.jpg,0,0,0,1,0,0
levle1_222_jpg.rf.1030f106003fb7bc7066894a784534ca.jpg,0,0,0,0,1,0
levle1_147_jpg.rf.11205b4394270889adf620cc4a1243bf.jpg,0,1,0,0,0,0
levle1_17_jpg.rf.c7ad5f3fdb3c580e070b9c258aeab300.jpg,0,1,0,1,0,0
01F3MMXCBM9Y4W3GB8FVCD2W56_jpeg.rf.9fd156405b5c8a5bd608936db758a4cf.jpg,0,0,0,1,0,0
levle1_102_jpg.rf.e0126ca6f9e69a7ba48745eb5e690b97.jpg,0,1,0,1,0,0
levle1_163_jpg.rf.1e6039f0f971fd9d9732d9dbb66590cb.jpg,1,1,0,1,0,0
levle1_23_jpg.rf.7911c0c23e974f78c337f536052ffc5f.jpg,0,1,0,0,0,0
levle1_223_jpg.rf.7666e5358903803d947e3f981bbef55e.jpg,0,0,0,1,1,0
levle0_402_jpg.rf.59d299684622cb911214ba5a37780b0e.jpg,1,0,0,1,0,0
levle1_162_jpg.rf.5dc79a8a4c2a01d5677d8156fe212d18.jpg,1,0,0,1,0,0
01F3MMXBNRXCZS7NZQCG8KEKS6_jpeg.rf.2beed11d3cbe353595564b713b728576.jpg,0,1,0,1,0,0
01F3MMX6SD07BKJYXNPC9DHQTD_jpeg.rf.4c9d05506970658787995065ec7b1119.jpg,1,0,0,0,0,0
levle1_204_jpg.rf.6c59805c6b74108a3130f066f8fb2a28.jpg,0,0,0,1,0,0
01F3MMXEDG1P94EJZ287EMNB9T_jpeg.rf.4743e3cb6fac866b3d3d25ff14ede54d.jpg,1,0,0,0,0,0
levle1_579_jpg.rf.ac68e1f92077bc2a87bf74e9a0e1716a.jpg,0,0,0,1,1,0
levle1_168_jpg.rf.7db9b51c50f7f106aea0cf5a7c60d1ce.jpg,0,1,0,1,0,0
levle1_224_jpg.rf.0a548624d3462d60d9d667049b77b582.jpg,1,1,0,0,0,0
34_jpeg.rf.aefd7750e71a1983791ac1f83ecab67c.jpg,1,0,0,0,0,0
levle1_308_jpg.rf.d54e940c6208a81ce1301262099e4374.jpg,0,1,0,1,0,0
levle1_225_jpg.rf.11397705d1a2e7c31310af3145531b5f.jpg,0,1,1,0,0,0
01F3MMXB1J4R2EMZD92VX3HAQJ_jpeg.rf.20cafd6e1bc9892bed34dbb4151640f3.jpg,0,1,0,0,0,0
a5_jpg.rf.91d049b72c814ea970555518f2ff1db6.jpg,0,0,0,0,0,1
levle1_342_jpg.rf.64c281a50eda3c6757e941a8503de205.jpg,0,1,0,0,0,1
levle1_197_jpg.rf.151b7c4658694b1234181b31a6802011.jpg,0,1,0,0,0,0
01F3MMXM63VN6G9WMZPBRX3K7H_jpeg.rf.e2430d3f74c6d170832364df178017d6.jpg,0,1,1,0,1,0
levle1_511_jpg.rf.d16db84f44d6d6b779f5cfddb5163424.jpg,0,0,0,1,1,0
levle0_405_jpg.rf.7bf073c6c6e266a684ffb6fdd6e38237.jpg,0,0,0,1,0,0
levle1_532_jpg.rf.8271d619b1be7a8a8e52f053d4117715.jpg,0,0,0,1,1,0
levle1_316_jpg.rf.3c3359596a090002b249fbc56922b37c.jpg,0,0,1,0,0,0
levle1_594_jpg.rf.2a4968e66eafc5b2e2bf7f9f3a93ea1d.jpg,1,1,0,0,0,0
levle1_525_jpg.rf.9dff6aa952e098a1f54ba022b0896d4a.jpg,0,1,0,1,0,1
levle1_59_jpg.rf.ab210f21759eeff1caaffcf53af34f41.jpg,0,1,0,1,0,0
levle1_582_jpg.rf.6d6dd8f268b0e39a81581b7d02fe4a5d.jpg,0,0,0,1,1,0
levle1_2_jpg.rf.42952524d63509b243c1f7e0ebf1bb70.jpg,0,0,0,1,1,0
levle1_518_jpg.rf.b04abf16aa15bd5bbec4ec49c5876162.jpg,0,0,0,0,1,1
levle1_58_jpg.rf.57bf98de48a32f1331503d112d8173ec.jpg,0,0,0,1,0,0
levle1_537_jpg.rf.3d8c7df98aa5186ba9be2e8d330ed0e8.jpg,0,0,0,1,1,0
levle1_601_jpg.rf.3c54cf6946aac314ef965b3332531c91.jpg,0,0,0,1,0,0
levle1_566_jpg.rf.27aff5adb6121899d0d3f800eb6cc2dd.jpg,0,0,0,1,0,0
levle1_619_jpg.rf.fc61fe30ba9a491644a343ea4b388433.jpg,0,1,0,1,1,0
levle1_548_jpg.rf.21312afc0b33c77532c514140a08991a.jpg,0,0,0,1,0,0
levle1_605_jpg.rf.877d9a768060e260611155f3f92fc79e.jpg,0,0,0,1,0,0
levle1_544_jpg.rf.d5540d6a59c41a0ff8c43c6f86b418f6.jpg,1,0,0,1,1,1
levle1_558_jpg.rf.300fafedc6637aab49fc33cb11307efb.jpg,0,1,0,0,0,0
levle1_555_jpg.rf.2f63c1839ea02e680e7f8fcecb04e2b9.jpg,1,0,1,1,0,0
levle1_569_jpg.rf.b02a03649deeaa7bfd13254d7dcd047a.jpg,0,1,0,0,1,0
levle0_514_jpg.rf.a2ee1626500c5d0779c9ad54c208736e.jpg,0,1,0,0,0,0
levle1_596_jpg.rf.3185a27b1f191e67cc3835bbb551e701.jpg,1,0,0,0,0,0
levle1_562_jpg.rf.89c03a796c9ed52fc22015e9baf52e49.jpg,0,0,0,1,0,0
levle1_540_jpg.rf.f4a6c5f7299ea975f2407fcb0816c0d0.jpg,0,0,0,1,1,0
levle1_586_jpg.rf.1987f7d44f3cbcdca6d34e32c7c0bc15.jpg,0,0,0,1,1,1
levle1_546_jpg.rf.97c249a4b7723c95f201faad2ec7c608.jpg,1,0,0,1,0,0
01F3MMX3DB7W0CEV30K2NZZR8Q_jpeg.rf.6ef68e69a3bc497698d2fcedef1a651d.jpg,0,1,0,0,1,0
levle1_175_jpg.rf.c5bd416809f50acb4fd791a55f684db2.jpg,0,1,0,0,0,1
levle3_90_jpg.rf.db7925986baa88c7a3d767eb912c65b7.jpg,0,0,0,1,1,1
levle3_102_jpg.rf.746a628fdbf685617e6a1222bc06430b.jpg,0,0,0,1,0,1
levle0_130_jpg.rf.41290aa3cb2f497bf1757f5871448ef3.jpg,1,1,0,0,0,1
levle2_57_jpg.rf.a9f5057f9ebe3872da9bf2195ffc8923.jpg,1,1,0,0,0,0
levle0_102_jpg.rf.502f8ffde7b9916362cf069000ca226b.jpg,0,1,0,1,0,0
levle0_58_jpg.rf.a1afc40781750769ab7a80fb875a711b.jpg,0,0,0,0,0,1
13_jpg.rf.7c6dc84fd3f9256211485e5d81d0a897.jpg,0,0,0,1,1,0
levle1_122_jpg.rf.71e5699c76941e956e46106d70a003b0.jpg,0,1,0,1,0,0
levle2_47_jpg.rf.df2a33870d82e2c07324ddcd2943894a.jpg,0,0,0,1,0,0
levle1_120_jpg.rf.424dc7d71c6f0a9cbe48edc40f9bbf9a.jpg,0,0,0,1,0,0
images9_jpg.rf.9ac167f96fb76cee1269885147c413a8.jpg,0,0,0,0,1,0
levle3_107_jpg.rf.35ea4f16dbb68e0f536968064cfa804b.jpg,0,0,1,1,1,0
levle2_66_jpg.rf.892e92d346ea7a314976cb7d2c1ac5ed.jpg,0,1,0,0,0,0
levle1_18_jpg.rf.bc560aa9e6d396198361172df7306316.jpg,0,0,0,1,0,0
levle1_128_jpg.rf.421a3c81684382211dacf543b59ee3e7.jpg,0,1,0,1,0,0
levle1_131_jpg.rf.5b210a64e597f02421130b2c859d06c2.jpg,0,1,0,1,1,0
levle1_132_jpg.rf.b513494221576ec8fa94ca8629da24c2.jpg,0,1,0,1,1,0
levle0_121_jpg.rf.ce1467bc6b4690aafca13ff97a91753c.jpg,1,1,0,0,0,1
levle3_91_jpg.rf.758f8ce2e0c80d79dc625ff5c8ba6af1.jpg,1,0,0,1,1,0
levle2_65_jpg.rf.47ec59b04765e866c48dea2b33e9fb44.jpg,0,1,0,1,0,0
levle0_128_jpg.rf.10ae108e633675b4bc8f0bef776ef65d.jpg,1,1,0,1,0,0
levle1_176_jpg.rf.3b9392a212d5786031df4066404ad4c3.jpg,0,1,0,1,0,1
levle2_74_jpg.rf.ac8479152eb109f284266297d9a90c4f.jpg,1,1,0,0,0,0
levle3_94_jpg.rf.492e8f0e72819b4dcce433ae35989d29.jpg,0,0,0,1,1,0
01F3MMX07Y51CVWR7YR2B4VS7X_jpeg.rf.db6ea5418557dcf6832a06121a01a8f3.jpg,0,0,0,0,0,1
levle1_129_jpg.rf.7ccbee5e065be60ae35c7e026ba57e3b.jpg,0,0,0,1,1,0
levle2_51_jpg.rf.2f8a2276505f6759e1d2e4e3346bb08d.jpg,0,1,1,1,0,0
01F3MMZJCM0CXZWMYRJ2VGV70T_jpeg.rf.a742e54c834c871f21bab35d075b3c67.jpg,1,0,0,0,0,0
01F3MMX425PSHQZGCBHMQPVEYW_jpeg.rf.e0c7c123c5c993cacb8f66777ed2ec3f.jpg,0,0,1,0,0,0
levle3_104_jpg.rf.cbedeac253139a0653b5e9a02b0d1044.jpg,1,0,1,1,1,0
levle3_117_jpg.rf.75bd4d1e287cd083edd708b7bcfd70b4.jpg,0,0,0,1,0,0
levle0_141_jpg.rf.6b23b3e688f303a39710b3fa00b27d6d.jpg,1,1,0,0,0,0
levle3_49_jpg.rf.b162684e3d29192ab696f7cd3c429f70.jpg,0,0,0,1,1,0
levle1_178_jpg.rf.06025ed79d4e209c662f86740f7e04a0.jpg,0,1,0,0,0,1
levle0_112_jpg.rf.f54f0dd2a0083d5f09d3a6c40cb236d5.jpg,0,1,0,0,0,0
levle3_84_jpg.rf.e611277e6cbb6140358eb2fcc79954d3.jpg,0,0,0,1,1,0
levle1_15_jpg.rf.1986a5e304e6ac5c96373aa68e6a62df.jpg,0,1,0,0,0,0
levle0_183_jpg.rf.30d0b1cb250b96943d1775e98876c21b.jpg,0,1,0,0,0,0
01F3MMVAVT1Z7Z6RNST2XYWXHM_jpeg.rf.21854855863717d5f27abefde8b4a3d3.jpg,1,0,0,1,0,1
levle2_85_jpg.rf.9201c14047e1c2e2e8699cfd8c4c84fb.jpg,0,1,0,1,0,0
levle1_135_jpg.rf.9273f9bd648d06212af7d08593821fb3.jpg,0,1,0,0,1,0
01F3MMVMD3Q7GAY0YKSMEZ76K5_jpeg.rf.865be2d247c78707b302302560029145.jpg,0,0,0,1,1,0
levle2_84_jpg.rf.bf934f02cbdfdfcdf990d3a47d615daf.jpg,1,0,0,1,0,0
levle1_180_jpg.rf.017c41a9ddac6f0389e4c99be79ca1a1.jpg,1,1,0,0,0,1
01F3MMX4Q0AT7R9QQHB8C1B0AV_jpeg.rf.d500d6bf0b1b0d0eb836468c31fe61b2.jpg,0,0,0,1,1,1
levle0_110_jpg.rf.6824a1bb4071b9c1233f49e27d402819.jpg,0,1,0,0,0,0
levle0_20_jpg.rf.8458766b3d40f0ec4b9a3f998b9a9cf3.jpg,0,1,0,0,0,0
levle2_75_jpg.rf.e27913ae3f082b7360189779f2723fb0.jpg,0,1,0,0,0,0
levle2_178_jpg.rf.76f48bb10f9cb7f8e3a0b19b46d6cc38.jpg,1,0,0,1,1,0
levle1_147_jpg.rf.2a5ce835ee017b5bdca355dea223ed95.jpg,0,1,0,0,0,0
levle1_184_jpg.rf.e98badf200a192933170b7f659fba9c0.jpg,0,1,0,1,0,0
levle3_107_jpg.rf.0ac9a63cc7be37eda153e114be9ea95d.jpg,0,0,1,1,1,0
levle2_71_jpg.rf.dba5d9834804f753cf9fe781b1dcec59.jpg,0,0,0,1,0,0
levle3_102_jpg.rf.518f8a369bef549eeddd5e01b334ba16.jpg,0,0,0,1,0,1
levle1_145_jpg.rf.15d7c730fbfdd0c8091be32b38346e8d.jpg,0,1,0,1,1,0
levle3_126_jpg.rf.bc09c02d8ef8e0cc0b5f9e0b7e73999b.jpg,1,0,1,1,1,0
unnamed_png.rf.68bd7f86c6456489de02dee66c81b261.jpg,1,0,0,0,0,0
31_jpg.rf.2198453e772fd05ccb5f6c6a093d15e7.jpg,0,0,0,0,1,0
levle0_193_jpg.rf.12329e7c4bfd0350dbf6b4c937baaef3.jpg,1,1,0,0,0,1
levle0_173_jpg.rf.7d38e91a3ed7d2a001e40bf91aafd3bf.jpg,0,1,0,0,0,1
levle3_24_jpg.rf.7015bdfcf3c4e9cef65600813fecb897.jpg,1,0,1,1,1,0
levle0_107_jpg.rf.cac7a93deddc42b82513bbe79c5b17e2.jpg,0,1,0,1,0,1
levle3_47_jpg.rf.67e5e59714821e7f4266fc8ec22c0c14.jpg,0,1,0,1,1,0
levle1_140_jpg.rf.56472d07cd5df5583bfb8b9f40090c26.jpg,0,1,0,0,0,0
levle1_144_jpg.rf.075fb190d83676c748154a1b69be868f.jpg,1,1,0,1,0,0
levle0_188_jpg.rf.7843f87b7e538bebbe8d84b6bb390fed.jpg,0,1,0,0,0,0
01F3MMXJ24BWB58NHE1QVGMZJ3_jpeg.rf.e11887b9b5ce5653ebf5e26359236e3f.jpg,1,0,1,0,0,0
levle1_117_jpg.rf.165342ace9d690c3222e3c8b0b67befd.jpg,1,0,0,1,0,0
levle0_190_jpg.rf.3d600ca07a8c9db9332c952a9cb2b42c.jpg,0,1,0,0,0,0
levle1_146_jpg.rf.1a90ca12544cf7b2231dc1265c10a6e3.jpg,1,1,1,1,0,0
levle1_179_jpg.rf.076624ce20d397a6ac5dff60b0e0573a.jpg,1,1,0,1,1,1
levle3_71_jpg.rf.3ea7ae4a12cb72f5903227984125f363.jpg,0,0,1,0,1,0
levle3_54_jpg.rf.a2d0b05b8819ba16b821a13869d5b597.jpg,0,1,0,1,1,0
levle1_149_jpg.rf.1c81927b916d0922ab34186e141de9b7.jpg,0,1,0,1,0,1
01F3MMVQ630JYRDS80HXF3R4W8_jpeg.rf.f6a4dfb081a237e9afe1c1e6595a9ee8.jpg,0,0,0,0,1,0
pa0cgx3yyu9iQ2Ks1zr-o_jpg.rf.369474af9ca9488009cc72e8fc1bbebe.jpg,0,0,0,0,1,0
levle1_127_jpg.rf.5a6d017caca12812f1e391365f93a3cc.jpg,0,1,0,1,0,0
levle1_150_jpg.rf.4f7fb533135b71cd93aa6662bbcb4ff1.jpg,0,1,1,0,0,0
levle0_189_jpg.rf.e491fe4bf59adba433165664790b61b9.jpg,0,1,0,0,0,1
01F3MMVNR3XB2A86H1Y87XW2SE_jpeg.rf.452d4ad203712d3aec64029d1792dd5d.jpg,1,0,0,0,1,1
levle2_81_jpg.rf.cd8fbd0772af31726a29530a1e7330c2.jpg,0,0,0,1,1,0
levle2_67_jpg.rf.008283898654c9c8bb6f0c6cde5f337c.jpg,0,1,0,1,0,0
levle2_48_jpg.rf.4f5518b6563905ada5a39faf419c6968.jpg,0,0,0,0,1,0
levle0_194_jpg.rf.d3b732bb8ccc6298f663843310f64314.jpg,0,1,0,1,0,1
levle0_209_jpg.rf.8f0197f6718a359f3b99378ed831bebf.jpg,1,1,0,0,0,1
01F3MMXZNGTYR6W8XWY0NEBP3Y_jpeg.rf.ecf45e4ee226c341aa249bc072be9f15.jpg,0,0,0,0,0,1
01F3MMVTMQSATJ080EXHDAME49_jpeg.rf.3b31bf8c2034b37a528ab1adbec67e5d.jpg,1,1,0,0,0,0
levle2_47_jpg.rf.93e9a25b4fb632c75ebad13cd98d9f2b.jpg,0,0,0,1,0,0
levle0_204_jpg.rf.c8021e9f3682092f33d5abfa8e42aa10.jpg,0,1,0,0,0,1
levle0_206_jpg.rf.b52d8b0644954ee39412915d095371fb.jpg,0,1,0,0,0,1
levle0_118_jpg.rf.063ac6f3fbce1988cf134f62ee5f1f32.jpg,1,1,0,1,0,1
images7_jpg.rf.43c78a388bf330c441a55b0fbd972009.jpg,0,0,0,0,1,0
levle1_311_jpg.rf.810a4f89e07cd869751bf27b4c842e6c.jpg,0,1,0,1,1,0
levle1_435_jpg.rf.ecd2d3cfe971bec366a52d8c37ca771f.jpg,0,1,0,0,0,0
01F3MMVRGMNJVWB5CBCY48RNFN_jpeg.rf.90b0cb570db7dee7ce12936f346799fc.jpg,1,0,0,0,0,0
levle0_211_jpg.rf.13a2100c694aef0c5e9d2266a36705fc.jpg,0,1,0,0,0,1
01F3MMVSTFKTNY4EVWF3NRVA5M_jpeg.rf.9584a38456b7c35d2d86d5868ab1e8aa.jpg,0,1,0,0,0,0
levle1_16_jpg.rf.31f5e87a97f5cd8fa65f69164d3fbedc.jpg,0,1,0,0,0,0
levle1_192_jpg.rf.23a0439cbd05f4cd209197d77826fdeb.jpg,0,1,1,0,0,0
levle1_114_jpg.rf.900ec90000496329e6954cc2c22454d2.jpg,0,1,0,1,0,0
levle1_436_jpg.rf.b2b38fa97118aebb600add3dba03d0b4.jpg,0,1,0,1,0,0
levle0_187_jpg.rf.63531d5a16d8ee832690e7923869fead.jpg,0,1,0,1,0,0
01F3MMZ6PBPZ02R00D2GS0XSDQ_jpeg.rf.be4a202308febe83b54883aaac0dffdc.jpg,0,0,0,0,1,1
levle1_189_jpg.rf.e5948b7bc8f59bee8e0a6232b941790f.jpg,0,1,1,0,0,1
levle3_132_jpg.rf.161b6e7e8a8dba1154599a950c405054.jpg,1,0,1,1,1,0
levle3_92_jpg.rf.571e8f37f90bb9e77c6e174419392e1b.jpg,1,1,0,1,0,0
levle1_312_jpg.rf.e2e4c5d5bb88c7aa51d35e9ceaa8798a.jpg,1,0,0,1,0,1
levle1_108_jpg.rf.64c201993251b229a1a31a0613d3f18c.jpg,1,1,1,1,1,0
levle2_43_jpg.rf.7b29b0d71e8f07f089dcc5a2e7ff7b6c.jpg,0,1,0,1,1,0
levle3_93_jpg.rf.93ba9279a5132840bf08ed9588f96f86.jpg,0,0,0,1,1,0
levle2_37_jpg.rf.c35be9071d01e53dab0fe37bd649b3ae.jpg,1,1,0,0,0,0
levle2_69_jpg.rf.2d07b303105894400d4bbc5b3ac919d4.jpg,0,0,0,1,1,0
levle1_316_jpg.rf.3877d1e86951b6959c5552fc1049bbdf.jpg,0,0,1,0,0,0
levle2_180_jpg.rf.5e1bb2ecb0fb476a8b5df976e8b65c77.jpg,0,0,1,1,0,0
levle1_44_jpg.rf.5d8f95ab036e38cecf150d2cb3486306.jpg,0,1,0,1,0,0
levle0_228_jpg.rf.4543fa7bc79a32b3ca53869983af7aee.jpg,0,1,0,0,0,1
01F3MMZ7CN1F9B0SXQ5C2G7N6M_jpeg.rf.3850ba71d693342814067f36a8889727.jpg,0,0,0,1,0,0
levle1_437_jpg.rf.d6e4d657d10c02aaf64fbb88b31b6f16.jpg,0,1,0,0,0,0
01F3MMV85WEDGQ0CZF4SMWFM45_jpeg.rf.40dcbddfb6444da9f9bc37992512ca01.jpg,0,1,0,0,1,0
01F3MMYNE0NXTGFZ8T0PGRQPGY_jpeg.rf.3366f0d557e43ee4b46d656a2dcc7429.jpg,0,0,0,1,0,1
01F3MMY0BSAFGW56D9XERHQA7F_jpeg.rf.f338b021e79aacba1680ff1ae2505faa.jpg,0,1,0,0,0,0
levle2_130_jpg.rf.fc71ba9beca9796d4b58ece59981a31a.jpg,0,1,0,0,0,0
levle0_239_jpg.rf.bd0df49e34dd492f814947fd31932a21.jpg,0,1,0,1,0,1
01F3MMX6SD07BKJYXNPC9DHQTD_jpeg.rf.9ab8594ecd9b2593406f0c2bed13d0e1.jpg,1,0,0,0,0,0
levle1_317_jpg.rf.6698d4c2645fb2471861c1c8e316339e.jpg,1,1,0,1,1,0
levle1_625_jpg.rf.69f6deeb2b95db9df313bc4edd38ea3a.jpg,0,1,0,1,0,0
levle3_92_jpg.rf.2635bc8aed8fa557a70359f9ff076725.jpg,1,1,0,1,0,0
levle0_225_jpg.rf.c4de2539afee2b1ddc57be7ca6e91b1b.jpg,0,1,0,1,0,1
levle2_137_jpg.rf.6679b88963b76b7046598e8f5a96a86d.jpg,0,1,0,1,1,0
levle2_145_jpg.rf.5da74fb16226ab2435e9ff1d01d76f7d.jpg,0,1,0,1,0,0
levle0_21_jpg.rf.4c7845791ec1a3e4a7025ef6232e8e76.jpg,1,1,0,0,0,1
levle0_24_jpg.rf.af043a014ea0b90af8dc1a1babda9637.jpg,1,1,0,1,0,1
levle1_448_jpg.rf.2128d92df06b5f445ae6c74a0b72a5df.jpg,0,0,0,1,0,0
levle0_58_jpg.rf.5e9df3f5e3f1cae1056a688ab8de39a9.jpg,0,0,0,0,0,1
01F3MMYPVXAKFDN05PJF3S75Q2_jpeg.rf.df225e82037dc140259cdd54d3dbb113.jpg,0,0,0,1,0,0
01F3MMXPCMJG0YNSRQB08N2W6Y_jpeg.rf.77c01dea36f713bcba180d249df6a94c.jpg,0,0,1,1,1,0
levle0_265_jpg.rf.8973bf4327e2eb3361ce66b09bda5fb6.jpg,0,1,0,0,1,1
01F3MMXQN9NJC9Q1NSDAPQ032P_jpeg.rf.9707762d3d697dd2bc776ef62d1951ee.jpg,0,0,0,1,0,0
01F3MMXQ085C2RDJEHNDX2FMKE_jpeg.rf.eccea2d67215b2a8cc066bed8c5a08a4.jpg,1,1,0,0,0,0
levle0_212_jpg.rf.9bc2f98ca25e3df02153dbfd2052f0c1.jpg,1,0,0,1,1,1
levle0_269_jpg.rf.5346a966567150d899aa010003dc4488.jpg,0,1,0,1,0,1
01F3MMX85MKKVDR2PMR3S2F4B6_jpeg.rf.a827b909b1de0ff93de53f9b36e30d99.jpg,0,0,0,0,0,1
levle3_105_jpg.rf.1e7d404d4136ecb56dba11ffd2a21865.jpg,0,0,0,1,1,0
levle1_188_jpg.rf.efdd1b5682a4334b863025f365e35faf.jpg,0,1,0,1,1,0
levle0_270_jpg.rf.f0df8115f2237b0e888c496d399f2695.jpg,0,1,0,0,0,1
40_jpg.rf.9dd2d5fe124e8fcd46780ca94a91f977.jpg,0,0,0,0,1,0
01F3MMVC4SSD2BWWP115BMSB3Q_jpeg.rf.5bc81b5083daf4ea85f0d1f0c3d37c87.jpg,1,0,0,0,0,0
levle2_71_jpg.rf.ecaa508a238b79b73d245ef3c9c04e69.jpg,0,0,0,1,0,0
levle1_354_jpg.rf.3f574f92950cc70ee9f740bafc3d70d8.jpg,0,1,1,0,0,0
levle0_67_jpg.rf.574f66cd4615193eb0112747130ed80b.jpg,0,1,0,0,0,0
levle2_48_jpg.rf.2eff87686ee118a9c5b7febaaa7a7096.jpg,0,0,0,0,1,0
levle0_276_jpg.rf.30c1f7d5148e3c10c0bb6e63062c9aff.jpg,0,1,0,0,0,1
levle0_274_jpg.rf.67e9fc5b3781f4ad9d57207cdca059ee.jpg,0,1,0,0,0,0
levle1_45_jpg.rf.c51c8a6cd8edf13674fc9a1673a422dd.jpg,0,1,0,0,0,0
levle0_257_jpg.rf.abc32efd23c9ac5975d0ea2e8adc929b.jpg,0,0,0,0,0,1
levle1_330_jpg.rf.86cbafe0554bd554ed68593b6f29a607.jpg,0,1,0,1,0,0
levle2_131_jpg.rf.6cd06fe67eecd6ed08867512ab6f8789.jpg,0,1,0,1,1,0
levle1_447_jpg.rf.5ac3a9bee9ed953099ca7e1c3e82d817.jpg,0,1,0,0,1,0
01F3MMXB1J4R2EMZD92VX3HAQJ_jpeg.rf.6e1fdb93bb18d36f2ca6e22c2beb4949.jpg,0,1,0,0,0,0
levle2_147_jpg.rf.909a0e9c35c05357be094a5991e44702.jpg,0,1,0,1,1,0
levle1_450_jpg.rf.207bee173b629f5402a84b240ad6f4c9.jpg,0,0,0,1,1,0
levle2_59_jpg.rf.8beda9ad3dff64e6323bd287b97d9740.jpg,1,0,1,1,1,0
levle0_114_jpg.rf.b19e615b7e4fa8842ff1bb2db3fbd52f.jpg,0,1,1,1,0,1
levle1_118_jpg.rf.0ba49880d19a186e60cb276777be95bc.jpg,0,0,1,0,0,1
levle2_66_jpg.rf.9a19a597a7f68a3535e7b45f137ce777.jpg,0,1,0,0,0,0
01F3MMYQGXWY7881BXZYJF701P_jpeg.rf.94d7d14a27a5d39ae9213ae874bcf4f6.jpg,0,0,0,1,0,0
levle2_61_jpg.rf.9682ea16bd86806e041dcee17e018858.jpg,0,1,0,0,0,0
levle1_461_jpg.rf.d824bc57abf5184cc7803c4b26dc5563.jpg,1,1,0,0,0,0
levle1_347_jpg.rf.8808031eb14a61f7bf1fbaf708844b47.jpg,0,1,0,0,0,0
levle2_57_jpg.rf.0f9101bc4f9a18dc2283bfe5724d5491.jpg,1,1,0,0,0,0
levle2_75_jpg.rf.c13bd147c4aadfe558b59497c047c546.jpg,0,1,0,0,0,0
levle1_397_jpg.rf.a0c6107c1e090dea8d7abe1362d76088.jpg,0,1,0,0,0,0
levle1_402_jpg.rf.90a8fd1b25fdc3282974ae69c1c57351.jpg,1,0,0,1,0,1
levle2_132_jpg.rf.7cc7523a1e59ec91ca8b63a154cf6b39.jpg,0,1,0,0,1,0
images9_jpg.rf.fa05f7b001ede335240afb57db545f73.jpg,0,0,0,0,1,0
levle1_468_jpg.rf.dcafde5dce792abaf109f0a5772af174.jpg,0,1,0,0,0,0
levle2_78_jpg.rf.b6d802b32d9fd9d73006a7ed4d5a3115.jpg,0,1,1,0,0,0
levle1_464_jpg.rf.4c1c2638332c04c219d1e6b54653dec9.jpg,0,1,0,0,0,0
levle2_69_jpg.rf.c2640c7445e090e9c76d86bbf7f1cee1.jpg,0,0,0,1,1,0
levle2_148_jpg.rf.e2d1f03cbc6b49cef2fed0e9a241cdb8.jpg,0,0,0,1,0,0
levle1_457_jpg.rf.12c71ae85c09ddf6412739c59bded9bc.jpg,0,0,0,1,1,1
levle3_117_jpg.rf.95e0315b2d8dfe12eaa1a9f86f2661eb.jpg,0,0,0,1,0,0
levle1_47_jpg.rf.e5e0b4cd55fc5c769cc4264e174c628f.jpg,0,0,0,1,0,0
levle1_463_jpg.rf.59eaef614b341362dc7bdb3a60d9d4d1.jpg,0,0,0,1,1,0
levle1_407_jpg.rf.0de61e0f9834b1ae1ff9a708ae02bf77.jpg,0,1,0,0,0,0
01F3MMXXQ216VQQCFX52XE8YJM_jpeg.rf.50560d0dfffa1bb839233e34268f2dad.jpg,0,0,0,1,0,0
levle1_360_jpg.rf.cb8f2081915f1c42fbb5ee6c92fdeed7.jpg,0,1,0,0,1,1
levle1_337_jpg.rf.7e349d3bffbfbef764b33caa3248fa5f.jpg,0,1,0,0,0,0
levle1_465_jpg.rf.f76e752ccbf634d44e915d38f786a781.jpg,0,1,0,0,0,0
levle1_469_jpg.rf.ec0d826946f61bf7b1b0f92529c1e14a.jpg,0,1,0,0,0,0
levle1_462_jpg.rf.589e3327763bc87bb134decf9559b787.jpg,0,1,0,0,0,0
levle2_164_jpg.rf.0471d3261b42eba551336e40180936a8.jpg,0,1,0,0,0,0
levle3_122_jpg.rf.3cdf12614d49f02310d633634fc54731.jpg,0,1,0,0,1,0
levle1_411_jpg.rf.b6d5f7db9adea3c680559018437dbdca.jpg,1,0,0,1,0,1
levle3_126_jpg.rf.da9534353be4251a8afb47186b02f7ba.jpg,1,0,1,1,1,0
levle2_180_jpg.rf.272c8ea380554339598783c1194a6a4a.jpg,0,0,1,1,0,0
levle2_170_jpg.rf.06c321a6fc91963f57f890904f06da86.jpg,0,1,0,1,0,0
01F3MMXYDGEXQKQJRTNM7HN4H2_jpeg.rf.2471424236e92e8d97fde04d219b7799.jpg,0,0,1,0,1,0
levle3_49_jpg.rf.7b432e0e131a5b1aad5cd9d2551cfd7f.jpg,0,0,0,1,1,0
levle3_47_jpg.rf.53b3f3bb41beb4456f4038b98114568d.jpg,0,1,0,1,1,0
levle1_410_jpg.rf.d785d4ec01ee6fe16767acb27bb34ffc.jpg,0,1,0,0,0,1
levle3_24_jpg.rf.62e8d6a8a851daaab587afabf020cad4.jpg,1,0,1,1,1,0
levle1_422_jpg.rf.080e68e86a38fdb7c4f4883fd7699d37.jpg,0,0,0,1,0,1
01F3MMZJCM0CXZWMYRJ2VGV70T_jpeg.rf.3fb1790bb829b5dabed7676b5f1a2274.jpg,1,0,0,0,0,0
levle1_416_jpg.rf.8f68b771eee907953dd56a0bbcd2e12f.jpg,0,1,0,1,0,1
levle3_54_jpg.rf.2a8ecc13e396c12f18570fe2eae6fdb8.jpg,0,1,0,1,1,0
01F3MMZ4J6M8C0N5VAMN449RRZ_jpeg.rf.f98e90726b06ab63a06f038dd7840c4f.jpg,0,0,0,0,1,0
unnamed_png.rf.f968ab9d9b44a6e09d0404c856d87d52.jpg,1,0,0,0,0,0
levle1_420_jpg.rf.14787b7854179f0aa2b27183cdb3b388.jpg,0,0,0,1,1,0
levle3_63_jpg.rf.ac40a74f01e2a1bec749cb264d2851fe.jpg,1,0,0,1,1,0
01F3MMXNNM9CTRH5KH09BRA2EH_jpeg.rf.4b846b876d059f9943d0acd2e0b8fb56.jpg,1,0,1,0,0,0
levle2_85_jpg.rf.6acf30f809cb99681ad44d21f8c4cf3a.jpg,0,1,0,1,0,0
levle1_475_jpg.rf.999fd22cdcf75e7dd77409ae28b636e0.jpg,0,0,0,1,1,0
levle2_25_jpg.rf.deb427fc4769dcf6a9be71e315c62ae9.jpg,1,0,0,0,1,0
01F3MMXFXYSP328NBSJCV28XBP_jpeg.rf.8e6961f33d59e2a99fa97b3ef417f411.jpg,0,0,1,0,1,0
levle2_115_jpg.rf.a193265b935c89f97ba2c10bb0188445.jpg,0,1,0,1,0,0
levle3_71_jpg.rf.b7f1013802c7fbe9e3d305beade74dd4.jpg,0,0,1,0,1,0
levle1_426_jpg.rf.41bef2890b0b7fd795e907eeb5af8535.jpg,1,0,0,1,0,1
levle2_179_jpg.rf.ad446d9fe98abf254136f8e706d44ea3.jpg,0,0,1,1,0,0
levle2_174_jpg.rf.b2634cc5d0b28109f5a51e09dcc3562e.jpg,1,1,0,1,0,0
levle1_478_jpg.rf.4f3fea41c4e137498f862d6c5b6a0189.jpg,0,1,0,1,1,0
levle2_176_jpg.rf.e5f9ed09e6cee21784644db10030b862.jpg,0,0,1,1,1,0
levle1_419_jpg.rf.fc3404dff5d4b23a8763935197a86b29.jpg,0,1,0,1,1,0
levle1_42_jpg.rf.f2b39451685e4b9e524446a5eda5f264.jpg,0,1,0,0,0,0
levle1_479_jpg.rf.fb955470757478156af2d3b61e9f8661.jpg,0,0,0,1,1,0
levle1_480_jpg.rf.4828d033916b194304bfd17958fad589.jpg,0,0,0,1,0,0
levle1_428_jpg.rf.355169dfa0c404470bc47976ea970a7e.jpg,0,0,0,1,1,1
levle2_190_jpg.rf.504891fd0278369e0f141e3af0494c00.jpg,0,0,0,1,0,0
levle2_175_jpg.rf.309480ffe9a72a9e6bf7c976b547faed.jpg,0,1,0,1,0,0
levle2_37_jpg.rf.6b117274a8d57a8bbf9b9c260f8598b0.jpg,1,1,0,0,0,0
levle2_185_jpg.rf.0362ab49e9b6b662f885f1ecf43bb82a.jpg,0,1,1,1,1,0
levle1_481_jpg.rf.16594d92c3b84fda8fbe2775548c90d9.jpg,0,0,0,1,0,0
levle1_477_jpg.rf.1b6518776c6ba547e16cae82b98ded12.jpg,0,1,0,0,1,0
levle2_183_jpg.rf.54127152f2e1d37866c412ee9742acfd.jpg,0,0,1,1,1,0
levle1_68_jpg.rf.0621cd35f6a962d4b45668ad945f51fb.jpg,0,1,0,0,0,0
01F3MMZ5Y0XG30V9VSBY6CY23P_jpeg.rf.12fc827c5bce27bde7e7a533a479cef9.jpg,0,0,0,0,1,0
01F3MMWRMC4TXQKFQWF8PSB3WS_jpeg.rf.d673d483b9795573b08935430c437a57.jpg,1,0,1,1,1,0
30_jpg.rf.ffc878a420d103b7a7ddc31b169ecff4.jpg,1,0,0,0,0,1
01F3MMV8WG2NTHD2GECY8BMC9X_jpeg.rf.bdbefea91802f626299aad1f9ed2190c.jpg,0,0,1,1,0,0
levle0_363_jpg.rf.861a565828e5963cb1e6753fd0c20957.jpg,0,1,0,0,0,1
levle1_48_jpg.rf.952f47badf95c1c9194d8c68c9e14474.jpg,0,1,0,0,0,0
levle2_25_jpg.rf.71e57633e92bcd9cc8ad419d4df04bbb.jpg,1,0,0,0,1,0
levle0_9_jpg.rf.b0485d1434e56d73cb4ff09a4d8395a0.jpg,0,1,0,0,0,0
01F3MMYQGXWY7881BXZYJF701P_jpeg.rf.c102235ea2b23d722013d326338d728f.jpg,0,0,0,1,0,0
01F3MMYR86ETSX75DGST80KA2C_jpeg.rf.1dab0d4517071a9f9e0dc420807f3bc0.jpg,0,0,1,0,0,0
levle2_184_jpg.rf.8987d330a8241fe00e518cb18afe8713.jpg,0,0,0,0,1,1
levle0_56_jpg.rf.c8f419d71808a5f1cb679f71683f9a3e.jpg,0,1,0,0,0,0
levle1_43_jpg.rf.1417afc52876a53a43d0229fc41a0016.jpg,0,1,0,0,0,0
levle1_67_jpg.rf.d8308d7ac2f2b006ff864b101e543838.jpg,0,1,0,1,0,0
levle2_122_jpg.rf.7d4a06e853911319a89ff4a2303d11c2.jpg,0,0,0,1,1,0
levle1_190_jpg.rf.7545b2b204376b695190c1c2427aac65.jpg,0,1,1,0,1,1
01F3MMYR86ETSX75DGST80KA2C_jpeg.rf.8fb022a43f48d639ad50f689bebd7bc9.jpg,0,0,1,0,0,0
levle1_498_jpg.rf.e2e2d9838c5dad1b17dfa77d5b61f603.jpg,0,0,0,1,0,0
levle1_493_jpg.rf.4db0537cd1a82b837e438b0adb433a4e.jpg,1,0,0,1,1,0
levle0_312_jpg.rf.573a54dae1e1c75d0373aa54401312fa.jpg,0,0,1,0,1,1
levle1_199_jpg.rf.be2d96e9bb3164b32b3d034891409a22.jpg,0,1,0,0,0,0
levle0_41_jpg.rf.d5e193a382ae4e49fc3e86c632a5b0fc.jpg,0,0,0,1,0,0
levle1_196_jpg.rf.e239d0913a4d5ea8d5e8db4341772336.jpg,0,1,0,0,0,0
levle1_197_jpg.rf.a923dbc0051456ce1f5f65423f9c0751.jpg,0,1,0,0,0,0
levle0_86_jpg.rf.2e1d2339bb4c4b62523dddc6433fb6bd.jpg,0,1,0,0,0,0
levle1_577_jpg.rf.fa8487d63f248d150c4b4a611a1119fe.jpg,0,0,0,1,1,0
levle0_134_jpg.rf.c3ae537c4b15f7fafd598c8b4fccdd4f.jpg,0,1,0,0,0,1
levle1_75_jpg.rf.5f6e24f71edcdbf548baadddc3f8b4d0.jpg,0,1,0,0,0,0
levle1_497_jpg.rf.723cfb062abfde51adda05c4d0b531ba.jpg,0,0,0,1,0,0
levle1_204_jpg.rf.8ac2543f648af69afaf083f0f8f4451b.jpg,0,0,0,1,0,0
levle2_163_jpg.rf.912f03a9c5b7c7a2a10c1dbc3b8b714f.jpg,0,1,0,0,0,0
01F3MMW1HNGZ6WBEF528P4AXCZ_jpeg.rf.f23edd71a282b3484e3ab6aba23d5f73.jpg,0,0,0,1,0,0
01F3MMYRZVKM6AP25F0HGEEB49_jpeg.rf.a84c1dbf36977f7d2fc415cc5eebff24.jpg,0,1,0,0,0,0
levle1_496_jpg.rf.a0006b86a53e8235890dca49c87a42a1.jpg,1,0,0,0,0,1
levle0_130_jpg.rf.54da58fc033ed2781848e3590d6f49b8.jpg,1,1,0,0,0,1
33_jpeg.rf.bf1ce4b27884dbbddbdf019c09f74395.jpg,0,0,0,0,0,1
levle2_175_jpg.rf.52b57e7aa02e433cf548a8f3579862d3.jpg,0,1,0,1,0,0
levle0_313_jpg.rf.c05fc4934b9c54ac0d92737033ec3f85.jpg,0,0,1,1,0,0
levle1_491_jpg.rf.4961d5be82a28febab2168d76cead59a.jpg,0,1,0,0,0,0
levle2_170_jpg.rf.bd6f140e201fa4d02dcd1e705ba2d047.jpg,0,1,0,1,0,0
levle1_66_jpg.rf.d7aceee545ec1a1d5d28e81f0ce76f0c.jpg,0,0,0,0,1,0
levle0_412_jpg.rf.943ca861dc854fe5c1882bd3da3695b6.jpg,0,0,0,0,0,1
levle1_166_jpg.rf.c217560587dbcf2d897e3414cddfb5f4.jpg,0,0,0,1,0,0
01F3MMX7F3R8GQ4RSCMS4A7M09_jpeg.rf.10d9e26bfd501251b17c83f0ca1f8813.jpg,0,1,0,0,0,0
levle1_492_jpg.rf.f12528361e107b0a04f58707222265e1.jpg,0,1,0,1,0,0
levle1_203_jpg.rf.02d944a8f6d2696c02a923b294c54b9d.jpg,0,0,0,1,0,0
levle0_314_jpg.rf.9d6e897168b845e8e9808bd6d6ae87f3.jpg,1,0,0,1,0,1
levle2_164_jpg.rf.002b707c1c0eae9091e892e01711da07.jpg,0,1,0,0,0,0
levle1_580_jpg.rf.6553e95a2cde9e71f54505d5b69e414f.jpg,0,0,0,1,0,0
levle1_77_jpg.rf.68c06b8b28eedaa0e3612cf22cfcf4b8.jpg,0,1,0,1,0,0
a4_jpg.rf.fd981bef17655e8aa7cf23bc42a5b262.jpg,1,0,0,1,1,0
levle1_164_jpg.rf.9b3e71a178434f98a349b36d1350ca61.jpg,0,1,0,1,0,0
levle1_255_jpg.rf.4bfc66f97b1148e0844c9d9cd07fa4ab.jpg,0,0,0,1,1,0
levle2_176_jpg.rf.862b6efbc97d25f360481ccbe2dc0898.jpg,0,0,1,1,1,0
levle2_20_jpg.rf.c626e9281d5faec6b7a15f87f1f647de.jpg,0,0,0,1,1,0
levle1_500_jpg.rf.5b43f2cff994cbfdf82aae5f8313852e.jpg,1,1,0,0,0,0
levle0_209_jpg.rf.8b9361133f3f92459e8019391d9e082b.jpg,1,1,0,0,0,1
levle0_315_jpg.rf.84dea956e934bb5c6772073a35100a79.jpg,0,1,0,0,0,1
levle1_494_jpg.rf.e566a3b1912f84d3817281ee8d394b04.jpg,0,1,0,1,0,0
levle0_319_jpg.rf.f652216209138765e7e1075ecb6ed628.jpg,0,1,0,1,0,0
levle1_50_jpg.rf.d5b22df6492fbac867dc33a649873637.jpg,1,0,0,1,0,0
levle1_571_jpg.rf.2ac0248988e1286f5c1723b28010f50e.jpg,0,1,0,1,0,0
levle2_174_jpg.rf.df58ab967e142f2abacd901049522ed1.jpg,1,1,0,1,0,0
levle0_400_jpg.rf.b11aacfe83373e1269ec8ef374ba1073.jpg,0,1,1,1,0,0
levle0_2_jpg.rf.977624d85092c06c1223e7e70adc14b7.jpg,0,1,0,0,0,1
20_jpg.rf.0b3b7347ffa43a8454a18eed8042ff57.jpg,0,0,0,1,1,0
01F3MMXCBM9Y4W3GB8FVCD2W56_jpeg.rf.05b40db47150f036020f71c77ef2b8fb.jpg,0,0,0,1,0,0
levle2_23_jpg.rf.6a3914e9c1d78051c1d55fd77d67e970.jpg,0,0,0,1,1,0
levle1_79_jpg.rf.f2a995a7c0d35d45731f49999ecfdb2b.jpg,0,0,1,0,0,0
levle1_167_jpg.rf.3f1996829273308c542fb24f6e5f24ad.jpg,0,1,0,1,0,1
levle0_305_jpg.rf.4130f25729077e7e8110e5427d24bb0d.jpg,0,1,0,0,0,0
levle2_22_jpg.rf.c20db6de8f2a98a7c808d0bacb705e42.jpg,1,0,0,0,1,0
levle0_211_jpg.rf.76d94dd48fd6054bb8232f786882facf.jpg,0,1,0,0,0,1
levle0_371_jpg.rf.419388481d458779d016a465eff6caa7.jpg,1,1,0,1,0,0
levle2_178_jpg.rf.6e576c52ef6dba23c1dfc0c3dcd2b18f.jpg,1,0,0,1,1,0
levle1_243_jpg.rf.b5dcfd369351345f693141eaf34d3267.jpg,1,0,0,1,0,0
levle1_18_jpg.rf.1b55ece199b82a19850a509b97e4fed5.jpg,0,0,0,1,0,0
levle0_206_jpg.rf.c67694968c139dbb831b097b98ce54da.jpg,0,1,0,0,0,1
levle2_169_jpg.rf.e77b92bc4dc89118eb4fdca9dc78b914.jpg,0,0,0,1,1,0
01F3MMX3DB7W0CEV30K2NZZR8Q_jpeg.rf.42afed9a9fbd78b4caba164c14215c51.jpg,0,1,0,0,1,0
01F3MMZ4J6M8C0N5VAMN449RRZ_jpeg.rf.1919b8277a79cc2e877bef66a4047236.jpg,0,0,0,0,1,0
01F3MMW2Y2EEM0YF89SD96ZNGJ_jpeg.rf.911475dd965b714457f0a8b4fa4a3774.jpg,0,0,0,1,1,0
01F3MMYV5NBAMXWHPA6EKMF3SP_jpeg.rf.07e1e0a4735d9479605c236126c32b3e.jpg,0,1,0,1,1,0
21_jpg.rf.b42ac3f2542616d04fe821194d2007b3.jpg,0,0,0,1,0,0
levle1_80_jpg.rf.688ff0afb0f369084a8a2ec75b9ea092.jpg,0,1,1,1,0,0
01F3MMWBFBDHKT6S57BCFQXYBJ_jpeg.rf.25df2d68147cb3451a63f200899209db.jpg,0,0,1,0,1,1
01F3MMW4EVZS8XK1FV5PMP2NXP_jpeg.rf.86f28a4bce10452a2a4f812fcb56bbb1.jpg,0,0,0,0,1,1
levle0_399_jpg.rf.6d168396ea2d05f1728acbcc18a94da0.jpg,1,1,0,1,1,0
levle1_519_jpg.rf.ec8484acf5586e159a4ce1ccae7583d5.jpg,0,1,0,1,1,0
levle1_582_jpg.rf.3e0251b66fc54f769db0017f700ff373.jpg,0,0,0,1,1,0
levle1_82_jpg.rf.6a609d2221aa684f4a0cd019d48ee3a4.jpg,0,1,1,1,0,1
levle1_586_jpg.rf.4a5facf0a1b094ab03a7aba2fb2eb1db.jpg,0,0,0,1,1,1
01F3MMVSTFKTNY4EVWF3NRVA5M_jpeg.rf.c994bc7c4c9ed5fc5dec73a24818134a.jpg,0,1,0,0,0,0
levle0_32_jpg.rf.4b276b04a2f4cdad637be04aa103c88e.jpg,0,1,0,0,0,0
levle1_59_jpg.rf.dae9228cf2a7a35ba139a7d64898d8c2.jpg,0,1,0,1,0,0
levle0_419_jpg.rf.b658d479f753168969a70492a58bcac0.jpg,0,1,0,0,0,1
levle0_372_jpg.rf.8bb74dcbdb93330d5179623249219062.jpg,1,1,0,0,1,1
levle1_129_jpg.rf.8d90b50c92c75708ab63d43aaac88020.jpg,0,0,0,1,1,0
levle2_100_jpg.rf.48f71585cd8559c10f195fb8e59570ef.jpg,0,0,0,1,0,0
levle1_207_jpg.rf.31b4989678f3a65729ce2327aad8be8f.jpg,0,0,0,1,0,1
levle1_87_jpg.rf.8d2536ded5f6d081ad0b62880a1fde52.jpg,0,0,0,1,0,0
levle2_185_jpg.rf.0d7ae7da1cabf9b2d57cb2f1bf22e3d2.jpg,0,1,1,1,1,0
levle1_225_jpg.rf.50c39f672e46158521a889f3c8312351.jpg,0,1,1,0,0,0
levle0_323_jpg.rf.9d6676558c2b56fe144f1902619bf21b.jpg,0,0,0,0,0,1
levle1_510_jpg.rf.86e4c55a7e33f03c0ac3866a1c40770b.jpg,0,0,0,1,1,0
a5_jpg.rf.ea5dac8ad978686f9d20d30a6686abe9.jpg,0,0,0,0,0,1
levle0_334_jpg.rf.f2783dc1a1543b267a485df45c56d102.jpg,0,0,0,0,0,1
levle1_222_jpg.rf.aacaf6ed393f0b973f343f8a135f4038.jpg,0,0,0,0,1,0
01F3MMXF7AMVDPVDESXA1YJNX5_jpeg.rf.249ed4002d098061521ab77a4e890031.jpg,1,0,0,0,0,0
levle1_511_jpg.rf.703143e5477f828a73d003d8736fac2f.jpg,0,0,0,1,1,0
levle0_362_jpg.rf.0fe4ad994a7ee36536cf92fc5eca86c8.jpg,0,1,0,0,0,1
levle1_515_jpg.rf.9f55493da4abc782531a173083e281d1.jpg,0,0,0,1,0,0
levle1_175_jpg.rf.84d0ccd516422c15d742c3d0b9963e9d.jpg,0,1,0,0,0,1
levle1_505_jpg.rf.1a61568c36c4904ddcf5261c426b72fc.jpg,1,0,0,1,1,0
01F3MMX4Q0AT7R9QQHB8C1B0AV_jpeg.rf.0ee8ea80b158a25e6e9caeb22f9126f1.jpg,0,0,0,1,1,1
levle1_512_jpg.rf.c6e76de0147ba8e29c8529c687010fee.jpg,0,0,0,0,1,0
levle1_76_jpg.rf.a8fa33ae15d2ee553c1415425ff0dbfd.jpg,0,1,0,1,0,0
levle1_88_jpg.rf.c040b593fbe74a4ab1d9b765daa63fc2.jpg,0,1,0,0,0,0
levle1_132_jpg.rf.8a0311cc75effac88cad0dff316728fe.jpg,0,1,0,1,1,0
levle1_570_jpg.rf.1e50c6490547eb318719f8175b6c1360.jpg,0,1,0,1,0,0
levle1_51_jpg.rf.56e4fdce2af474ff4ac71954b8e575b7.jpg,0,1,0,0,0,0
levle1_594_jpg.rf.8498d7eb6fb115be24ccd5b8fbb33873.jpg,1,1,0,0,0,0
levle0_405_jpg.rf.801969db7f56b6f1a9c5fc0f04b8f33f.jpg,0,0,0,1,0,0
levle1_596_jpg.rf.a65ecc06efac299177c35169ae9973c6.jpg,1,0,0,0,0,0
levle1_100_jpg.rf.8db604866e122a824493a55ef2808790.jpg,0,1,0,1,0,1
01F3MMXEDG1P94EJZ287EMNB9T_jpeg.rf.a0f1f12a6850b16d653d92a32518efdb.jpg,1,0,0,0,0,0
levle3_72_jpg.rf.38156e517cdce31241d143886396f86e.jpg,1,0,0,1,1,0
levle1_137_jpg.rf.d212e0aab6ae8eefb0e7a19a7134e22e.jpg,1,0,1,1,0,1
levle2_108_jpg.rf.d2616475e5186408cf154f83bd67450c.jpg,1,0,0,1,1,0
levle1_124_jpg.rf.acf5a15974270c858f5ae823ef2fa2b0.jpg,0,1,0,0,0,0
levle1_89_jpg.rf.c359176811149d4fcbb79eedd467915c.jpg,0,1,0,0,0,0
levle1_595_jpg.rf.97b987da44f12e995fa996fe0be4cf64.jpg,0,0,0,1,0,0
levle1_250_jpg.rf.513e77a4aba0475382ca466439875e86.jpg,0,1,0,0,0,1
levle0_351_jpg.rf.87f6ae0a4c0bf7cbfc3a6e73a8809450.jpg,0,1,0,1,0,1
levle2_110_jpg.rf.90d99cccfc7b754d092058d56f507fdd.jpg,1,1,0,1,0,1
levle1_597_jpg.rf.dd0c625332a7a91002a9410d3a528554.jpg,0,0,0,1,0,0
01F3MMXFXYSP328NBSJCV28XBP_jpeg.rf.05d7d4f9bd1717abcaf04143f962fda9.jpg,0,0,1,0,1,0
levle1_262_jpg.rf.49f8edca71e1c9b440d8b59119a25428.jpg,0,1,0,1,0,0
levle0_225_jpg.rf.402a27db66d45d80a39cc66f0f333d9f.jpg,0,1,0,1,0,1
levle2_114_jpg.rf.f9c42509eb7901206a9a7a2e15cd9327.jpg,0,0,0,1,1,0
levle1_53_jpg.rf.727af55687be15f04b659647cf9a4645.jpg,0,0,0,1,0,0
levle0_439_jpg.rf.f0016a47840924eb21abafde2ec96f1a.jpg,0,0,0,1,0,1
01F3MMWE5K79PAZ2BXYDN3NG2F_jpeg.rf.2bd445a4a69d43f1be68c7a7a96282dc.jpg,0,0,1,0,0,0
levle0_269_jpg.rf.f23b6b129ac114c647ea499668a11077.jpg,0,1,0,1,0,1
levle1_589_jpg.rf.efd6fbcca6e29ccb81feb24d3a944e7a.jpg,1,1,0,1,0,0
levle2_112_jpg.rf.d093a200f71c64d187180a0aeb9a6393.jpg,0,0,1,1,0,0
levle0_355_jpg.rf.a572083c1f17b598ffcb07526a1b37a6.jpg,1,0,0,1,0,1
levle1_60_jpg.rf.6db2273f231cb9649684c3d802b39424.jpg,1,0,0,0,0,0
levle1_521_jpg.rf.91adee0c1a72db0cf3e129771ee1a716.jpg,1,0,0,0,1,0
25_jpg.rf.c602d09887bf7c1cc2f6f9024c905856.jpg,1,0,0,1,0,0
levle1_30_jpg.rf.bb3b08d5172e89a5cae2793dc8ccbc43.jpg,0,1,0,1,0,0
levle1_147_jpg.rf.8b988592d987064e47bf849b0d82f7c9.jpg,0,1,0,0,0,0
levle2_109_jpg.rf.b6612f4f12f9759516a53385c17e7b88.jpg,0,0,1,1,1,0
levle1_151_jpg.rf.f6d107eb0f7eb7e1a694dbe23e0af065.jpg,0,1,0,0,0,1
levle0_443_jpg.rf.6054fef9cee793c0691814005f733906.jpg,1,0,0,0,0,1
levle2_121_jpg.rf.478008fd3581e4b00d7ad0b2f6208509.jpg,0,0,0,1,1,0
levle1_598_jpg.rf.06d7704c4827d6bc19e8f31f83bb387c.jpg,1,0,0,1,1,0
30_jpg.rf.9d73786a3bb748d5a1043918e1b8d236.jpg,1,0,0,0,0,1
levle1_179_jpg.rf.0c76ea804cc18a8e9f867b930acb6f43.jpg,1,1,0,1,1,1
a3_jpg.rf.7899425020d16a0e0d57395734870114.jpg,0,0,0,0,0,1
levle1_295_jpg.rf.ba2c72f866262cbd341283d53dd23ea4.jpg,0,1,0,1,0,0
levle2_41_jpg.rf.2fdcddf5772ba9944fbe028f59724da0.jpg,0,1,0,0,0,0
levle1_525_jpg.rf.3eb68cd2f14d7008e9dd7c81fdd79faa.jpg,0,1,0,1,0,1
levle1_599_jpg.rf.223986670fee1e21343609dec248ced4.jpg,1,0,0,1,1,0
levle0_447_jpg.rf.e8b8c007380c07314b7dd45843c13f50.jpg,1,0,0,1,0,0
levle1_539_jpg.rf.4f8c7c5e67f3471c567238884672d7f9.jpg,0,0,0,1,0,1
levle1_184_jpg.rf.f50adb280e16110b32673ab855ef3df0.jpg,0,1,0,1,0,0
levle1_529_jpg.rf.1154f960d0f604505a72b25c78d8c7f7.jpg,0,0,0,0,1,0
01F3MMWRMC4TXQKFQWF8PSB3WS_jpeg.rf.f5e9a06278ad252d5cc1abe55b90a28c.jpg,1,0,1,1,1,0
levle1_531_jpg.rf.2388bc8fb42736b18352b88bb5649f95.jpg,1,0,0,1,1,1
01F3MMWK2WKFGMNCB4VC9D4CHD_jpeg.rf.4e8fb7c47d8cd19a474f656c5228030b.jpg,1,0,0,1,0,0
levle0_283_jpg.rf.6b9d291b37708b68ec0554ae75cd4698.jpg,0,0,0,1,0,1
levle2_122_jpg.rf.936e670f8fd529af9bab1d9573150e24.jpg,0,0,0,1,1,0
levle1_187_jpg.rf.c1a50df1c229bd4e1c670546992aea31.jpg,0,1,0,1,0,0
levle1_523_jpg.rf.3fd7260ed1cc46278c7f1f33f9aa6770.jpg,1,0,0,0,1,0
levle1_532_jpg.rf.c4c23148ffaa71411a75945bd3a1cbf2.jpg,0,0,0,1,1,0
levle2_43_jpg.rf.94d0a3884645f364fbe47a740af3c85f.jpg,0,1,0,1,1,0
levle1_534_jpg.rf.7528bdb510876e9dd2b34e6772fd2e1b.jpg,0,0,0,1,0,0
levle1_177_jpg.rf.bf7e46732b2927134ecfb420fe872834.jpg,0,0,0,0,0,1
levle1_603_jpg.rf.946efab688f39162419460bc5fd7dd4b.jpg,0,1,1,1,0,0
levle1_533_jpg.rf.ad58d4b38a8149a14eafd04298df5983.jpg,1,0,0,0,0,0
26_jpg.rf.34d881bdf0e78113d34c52e05c059da7.jpg,0,0,1,0,0,0
levle1_600_jpg.rf.097d17ed6b6f206a61fee2ade8113798.jpg,0,0,0,1,1,0
levle0_484_jpg.rf.cad184d73192180dfb2ac015d00290f0.jpg,0,1,0,1,0,0
levle0_460_jpg.rf.1da2554e599f0782079951de6e3328a3.jpg,1,1,0,0,0,0
levle0_477_jpg.rf.c964863828c0706d5a6f0d4d54143302.jpg,0,1,0,0,1,1
levle0_489_jpg.rf.775653bf6558f194f0dce8c01b479050.jpg,1,1,0,0,1,1
levle0_76_jpg.rf.4e5f42e9a55b0f831a493a9b63d9c0bc.jpg,0,1,0,1,0,0
levle0_493_jpg.rf.a476b5e221bb32c906672e23a5c3173c.jpg,0,1,0,0,1,1
levle1_545_jpg.rf.a1ad5f07106cafbbb5645c61135c70fe.jpg,0,0,0,1,0,1
levle0_49_jpg.rf.f6be0a50653af9284dae38900e886837.jpg,0,1,0,0,0,1
levle0_74_jpg.rf.e76c2507805ab43d08323c275969d79b.jpg,0,1,0,0,0,0
levle1_535_jpg.rf.e3d54fd1ea7a36b6d21bd6e9e4e2f341.jpg,1,0,0,1,0,0
levle1_552_jpg.rf.2cf337f2a9e7575f4028979df93196a0.jpg,0,0,0,1,0,0
levle0_86_jpg.rf.c02cddeffce6691b50b425d3ebc305f1.jpg,0,1,0,0,0,0
levle1_541_jpg.rf.994b55d5f14ded1a504ff869b634be22.jpg,0,0,0,1,1,0
levle0_469_jpg.rf.2bbf81788bfadc396d4c76c2c3a98832.jpg,0,1,0,0,0,0
levle1_605_jpg.rf.3438e6e15fea2964e1b10f13229d7aeb.jpg,0,0,0,1,0,0
01F3MMWPHM7QWX87HTV8QSWJ7S_jpeg.rf.f9004f868777504821ac387c4904cb41.jpg,1,0,0,1,1,1
levle0_82_jpg.rf.a5042c6315a0e0a9e4bec294a0affd96.jpg,0,1,0,0,0,0
levle1_536_jpg.rf.78ed52bb7769dae60ca558c6d15709c1.jpg,0,1,0,0,0,0
levle0_79_jpg.rf.d23a3b06232e40055b4c4ac3a0b3ed89.jpg,0,1,0,0,0,0
levle0_486_jpg.rf.47c29af14f07555460b030748b1b63b4.jpg,0,0,0,0,1,1
levle0_516_jpg.rf.57171be7b0ea499fb9cc906545ae8f43.jpg,0,1,0,0,0,0
01F3MMWNXPEZ1XR663SPGRBJBB_jpeg.rf.7be8a6dfd9aab5653218ec3e69c47872.jpg,1,0,0,1,1,0
levle0_494_jpg.rf.5462abdb1146e06f9e0d5b87f8bb53af.jpg,0,1,0,1,0,0
levle0_77_jpg.rf.425c21f78dd145ce061800b36e0abbe5.jpg,0,1,0,0,0,0
levle0_491_jpg.rf.1d26443b42f8c88a2987d1d07d02e8c9.jpg,0,0,0,1,1,1
levle1_550_jpg.rf.e037487db0f850fb4e0d7ee74ceef185.jpg,0,0,0,1,0,1
levle0_52_jpg.rf.1ce9dbb14ebcfbce20e14fda35ef43ff.jpg,0,1,1,0,0,1
levle1_17_jpg.rf.57353bfe4f85e2b7b533bb185c07c786.jpg,0,1,0,1,0,0
levle0_428_jpg.rf.9351af5cab3383163f4037791ba06c10.jpg,0,0,0,1,1,0
levle0_90_jpg.rf.67e61384e5e6b91603c528d188d0a913.jpg,0,1,0,1,0,1
levle0_88_jpg.rf.2a73edd2a7cef601850707249a5b8ec6.jpg,0,1,0,0,0,0
01F3MMWG8FVBE4Y7CBX1WD0A5S_jpeg.rf.b88622b1f7b308a7eb7488699d0adddf.jpg,1,0,0,1,1,1
01F3MMWVX2Z9ZE1Z0Y3R4JA8B5_jpeg.rf.4d70ecfa6a021aa5a6eca3703904557c.jpg,1,0,0,0,1,1
levle0_80_jpg.rf.23dc5d3b3fd653e29e62550ddedc0f5d.jpg,0,0,0,0,0,1
levle1_619_jpg.rf.19dd0fa3a59e7d0ad94531cfad1837c0.jpg,0,1,0,1,1,0
levle0_487_jpg.rf.f3c087f74d91f663254c7af45c7a8cfe.jpg,0,1,0,0,0,1
levle1_561_jpg.rf.42c27b885c479b3a33d6fdd46e449a55.jpg,0,0,0,1,0,0
levle0_75_jpg.rf.1f251b0997225915c30f6d8d256de4e0.jpg,0,1,0,1,0,0
levle0_510_jpg.rf.f506b32f3fab30ece50f2d95dac4b288.jpg,1,1,0,0,0,0
levle0_515_jpg.rf.b41dee5122bb057da1697afa46cd28ee.jpg,0,1,0,0,0,0
levle0_87_jpg.rf.8e810fd8daca2ce7f6ef1d8cd7f55158.jpg,1,1,0,0,0,0
images7_jpg.rf.fc9289e3330c222dc211a3364973f4dc.jpg,0,0,0,0,1,0
levle1_555_jpg.rf.edd34e04d043505b4f4fe9fb27ed003b.jpg,1,0,1,1,0,0
levle0_89_jpg.rf.08087891583fbe68d0033047d31ab5c3.jpg,0,1,0,0,0,0
levle0_504_jpg.rf.266ac4cba869c49e113b185293888da8.jpg,1,1,0,1,0,0
levle3_84_jpg.rf.5ffc29169aa8e1c5164aabf85d61e0c5.jpg,0,0,0,1,1,0
levle1_163_jpg.rf.f5d19941c306c9a44cf05e12a6fab617.jpg,1,1,0,1,0,0
levle1_162_jpg.rf.12e8a823149afcd2c5a15fe685dce983.jpg,1,0,0,1,0,0
levle0_429_jpg.rf.943b4a775cabeb89dd50a524b612e3a2.jpg,0,1,0,0,0,1
levle1_166_jpg.rf.a77e1d5971c088f8fa21f10755947f13.jpg,0,0,0,1,0,0
levle0_55_jpg.rf.f2a14c3481fd25461b4cb83aafc09963.jpg,0,1,0,1,0,0
01F3MMV6NBB013AEV2SH04SRQ9_jpeg.rf.1df23e79bb963f82eef745d5ca6c1c09.jpg,0,0,1,1,1,0
levle1_168_jpg.rf.ab8906d4e171ee10b4acc62dc192a4ef.jpg,0,1,0,1,0,0
levle1_554_jpg.rf.41413ab9e96ae4fc4a15c2b0e8a6bd91.jpg,0,0,0,1,0,0
levle0_527_jpg.rf.d1324730629d1b6a7f8492e7d926687a.jpg,0,0,0,1,0,1
levle1_164_jpg.rf.75c8798a65cfbcab165a668040c259e0.jpg,0,1,0,1,0,0
01F3MMWWNTQHV3ZXDRAM5CDBA8_jpeg.rf.170c6146a8d0273ae9f8e3a182475344.jpg,1,1,0,1,0,1
levle0_518_jpg.rf.d1faa3746e0b035973c33acbac2d7c0b.jpg,0,1,0,0,1,0
01F3MMWQ8CPEGRTX4RR44TCJH8_jpeg.rf.cf19a64ab222f2a42f43e94572d2327e.jpg,1,0,1,1,1,1
levle1_167_jpg.rf.b2fc5cab4a97b598806f37dd5811393d.jpg,0,1,0,1,0,1
01F3MMWXCRJZGN9E33KZPXT82D_jpeg.rf.c6708ca50927647687ba4358a2710e1b.jpg,0,1,0,1,0,0
01F3MMZ02QJ70C2QHKWDNJRWV6_jpeg.rf.91c4c168078a403e1fda68604cf4e405.jpg,0,0,0,0,1,1
levle1_566_jpg.rf.f2bd56ce6698c9c879c49d346ad59b47.jpg,0,0,0,1,0,0
levle1_557_jpg.rf.a6fe1af29bb166f43a67b1ec998517a8.jpg,1,1,0,0,0,1
10_jpg.rf.2b3d7fd8f0a4800f4b5e91553b5dedf7.jpg,0,1,0,1,1,1
levle0_516_jpg.rf.bf4b79007c74dd15589717a870cad05f.jpg,0,1,0,0,0,0
levle0_526_jpg.rf.1a4364c890890f87f16557b1ecbd5dda.jpg,0,1,0,1,0,0
levle1_568_jpg.rf.b22ae282fc814aa8c524aa23a75bf991.jpg,0,1,0,1,0,0
levle1_109_jpg.rf.f86a182f1335fa5bd304bc8be3be733e.jpg,0,0,1,1,0,0
pa0cgx3yyu9iQ2Ks1zr-o_jpg.rf.971c6ef64746cf3074de2b36d5a1f8e0.jpg,0,0,0,0,1,0
levle0_54_jpg.rf.8ca07019b65cb8a036270a0eb013f741.jpg,0,0,0,1,0,1
levle0_54_jpg.rf.26a3493cff7ca7532c484fa9b3716271.jpg,0,0,0,1,0,1
levle1_170_jpg.rf.7b2fc3ccf98ca4f62dc91bfab7b0f465.jpg,0,0,0,1,0,0
levle0_56_jpg.rf.bf63ceb0336c4be8448e16b89332de3b.jpg,0,1,0,0,0,0
levle0_67_jpg.rf.f517fb2a410f0beb80282bb8a66e019d.jpg,0,1,0,0,0,0
levle0_57_jpg.rf.ca772bba742036fda824df6e9e7e8ed0.jpg,0,1,0,0,0,0
01F3MMV9KCGYSHB820P93Q5H48_jpeg.rf.b84c48837560a87a15eac9ed99ecf459.jpg,0,0,0,1,1,0
levle2_135_jpg.rf.e6e6fe81e59004a134829c60e4401492.jpg,0,1,0,1,0,0
levle1_102_jpg.rf.6b2227646a95b80296fbe06e965fdc07.jpg,0,1,0,1,0,0
levle1_169_jpg.rf.bb7cc8458bf54f57d7793269b1079a8f.jpg,0,1,0,1,0,0
levle1_1_jpg.rf.bb6cf3e65cf1db8926931b1382bbb84e.jpg,1,1,0,0,0,0
01F3MMV9KCGYSHB820P93Q5H48_jpeg.rf.a96a5bf3fde5c97c28a9278999ed33c0.jpg,0,0,0,1,1,0
levle1_504_jpg.rf.fdb4e87cabd25f91c2e1b53190a4f06b.jpg,0,1,0,0,0,0
levle1_426_jpg.rf.121518a0578fd8cea6718145acdc5742.jpg,1,0,0,1,0,1
levle1_189_jpg.rf.f7afc0b005fe8bfa498aaf2ab65e47f2.jpg,0,1,1,0,0,1
levle0_521_jpg.rf.c3d7aec14d8dff621326fce5e344165f.jpg,1,1,0,1,0,0
levle0_75_jpg.rf.c76809769670f06533ea826d46e99bc1.jpg,0,1,0,1,0,0
01F3MMVAVT1Z7Z6RNST2XYWXHM_jpeg.rf.c595d0a27b4a9c593f6d65567343b7bd.jpg,1,0,0,1,0,1
levle0_57_jpg.rf.aa44b9f7615af35ad759badbd285a537.jpg,0,1,0,0,0,0
levle0_77_jpg.rf.2b6c513433ffa695363ba44d1c2c29a7.jpg,0,1,0,0,0,0
01F3MMVC4SSD2BWWP115BMSB3Q_jpeg.rf.3888d518cf77cda2b08c62cb75f71ca4.jpg,1,0,0,0,0,0
levle0_3_jpg.rf.3a809a51fd1785bcf81eceba0a2f9b68.jpg,0,1,0,0,0,0
levle1_510_jpg.rf.08562261bbe3cf17c2355bf1df805792.jpg,0,0,0,1,1,0
levle1_518_jpg.rf.004258c0f7d7a0ac357cd3128495a2fd.jpg,0,0,0,0,1,1
levle0_102_jpg.rf.7ddaf85140de88a8dedd2b9f4c3657e2.jpg,0,1,0,1,0,0
levle0_83_jpg.rf.37d56c651c54ac584b6499fb1e93da7e.jpg,0,1,0,1,0,0
levle1_63_jpg.rf.fe839bc9146bc2ec8771681f25829375.jpg,0,1,0,1,1,0
levle1_515_jpg.rf.80a8c1e3fa928c591977646a526af8a8.jpg,0,0,0,1,0,0
levle1_573_jpg.rf.f7da7b3339fca508aa0011f31ec8d3e0.jpg,0,1,0,0,0,0
01F3MMYP2ZJEH00MS4NE5KF172_jpeg.rf.bd04ba9ba372a10f2d8c1e84233ce572.jpg,0,1,0,1,0,0
levle0_82_jpg.rf.0791719e6c3dac0ecb9fc798aed09f0d.jpg,0,1,0,0,0,0
levle1_571_jpg.rf.e88a59300bb9d2ba92f06e673eb53e46.jpg,0,1,0,1,0,0
01F3MMWWNTQHV3ZXDRAM5CDBA8_jpeg.rf.7707dd6d86f98ad7503ef132d7cd9b62.jpg,1,1,0,1,0,1
levle0_294_jpg.rf.abe1c28b05c34c662e90546828661b7a.jpg,0,1,0,0,0,0
01F3MMV6NBB013AEV2SH04SRQ9_jpeg.rf.46fc2f7ad47b1dba66811542ce62b339.jpg,0,0,1,1,1,0
01F3MMYPVXAKFDN05PJF3S75Q2_jpeg.rf.087238e9726304c4bb6c27810dc8487b.jpg,0,0,0,1,0,0
levle0_89_jpg.rf.d386c8424109f447626f20648f2933be.jpg,0,1,0,0,0,0
levle1_506_jpg.rf.3acb6c70b90128e94adc50fa2a4ac7ab.jpg,0,0,0,0,1,0
levle1_633_jpg.rf.205a23fafd1f161f170ec13edaa2621d.jpg,0,0,0,1,1,0
01F3MMVH87B4G7M1NH7963VX3M_jpeg.rf.645e409d97a4969227e8ec332d99f98a.jpg,0,0,1,1,0,0
levle1_7_jpg.rf.36c75e1cb42331c8b666b0b837b2abb3.jpg,0,1,0,1,0,0
levle0_446_jpg.rf.529fc3d4925f1a3508cb43a94a0398d0.jpg,1,0,0,0,0,1
levle1_502_jpg.rf.6cc5e3d3cff896e8f60c93f37f6a8499.jpg,1,0,0,1,1,1
levle1_625_jpg.rf.bbb793dcd6fb3aec8b2cdf333915e9da.jpg,0,1,0,1,0,0
01F3MMVJ16XHRQ3TM1JQANVQXV_jpeg.rf.b582df3d94a9d308112d265f03483c54.jpg,0,0,1,1,0,0
01F3MMYNE0NXTGFZ8T0PGRQPGY_jpeg.rf.23f74a552c7fbe061fd5269f206003fb.jpg,0,0,0,1,0,1
levle0_290_jpg.rf.b65e9b644daf690eb7d180fdc47856c8.jpg,0,1,0,0,0,0
levle1_519_jpg.rf.024d7d1eb8fd6c1bca90470c4a348965.jpg,0,1,0,1,1,0
levle1_626_jpg.rf.85e4101b931a785d8511596284e581ed.jpg,0,0,0,1,0,0
levle0_92_jpg.rf.c85503c536cf5daddd2589a9377151cc.jpg,0,1,0,0,1,0
levle1_632_jpg.rf.24f7ebc21c0e624c2bf105f1e11fad56.jpg,0,1,0,0,0,0
levle1_570_jpg.rf.ea58722bc6b7e9a8fc0d14947449a5fe.jpg,0,1,0,1,0,0
levle1_52_jpg.rf.c1cb5733d416c8494a6d901419ea5bad.jpg,0,1,0,1,1,1
levle0_85_jpg.rf.d8bab4fc6c18d59d76dfedc0cdf0537a.jpg,0,0,0,0,0,1
levle1_429_jpg.rf.8395b9befd4032a830af3d1934bb78f3.jpg,0,0,0,1,0,0
01F3MMWXCRJZGN9E33KZPXT82D_jpeg.rf.80ac0c36f9c35a117a3ef44733191282.jpg,0,1,0,1,0,0
levle1_524_jpg.rf.be727b17b1c9d0293364e94587101168.jpg,1,0,0,1,0,0
levle0_107_jpg.rf.75b97b89e0bdb565e8b1169a5402a54c.jpg,0,1,0,1,0,1
levle0_134_jpg.rf.699ebd00ff91e34edf65afcd5c976cf9.jpg,0,1,0,0,0,1
levle0_97_jpg.rf.326c73d8c8bfdc49e1bf97d15a035188.jpg,0,0,0,1,1,1
levle0_35_jpg.rf.49bdcd9fc7891efdc1d74560eb67a26b.jpg,0,0,0,0,1,1
levle0_111_jpg.rf.6481fc49b275f3b0574e27a507c8f576.jpg,0,1,0,0,0,0
13_jpg.rf.2f797a8f288515c7eb2eef4dd7636277.jpg,0,0,0,1,1,0
levle0_114_jpg.rf.5b0cdb8fd43b9850e913341ab02b7585.jpg,0,1,1,1,0,1
levle1_431_jpg.rf.775abb2b6b6551665e470872ce101419.jpg,0,1,0,1,1,0
levle1_528_jpg.rf.0c8f814fbc9e292017b9ffced10d5e65.jpg,0,1,0,0,0,0
levle1_522_jpg.rf.4f39c64b698c998036e1b73351f923fd.jpg,1,0,0,0,0,0
levle1_578_jpg.rf.bf2cf2d5bd428835e12ea118c94fb83c.jpg,0,0,0,0,1,1
levle1_579_jpg.rf.392560b14e85392c10dcbdb71638e9f1.jpg,0,0,0,1,1,0
levle1_432_jpg.rf.4b61b087acd46cbf695653632c183fa1.jpg,0,0,0,1,1,0
levle1_104_jpg.rf.40f58d660889199ee8fff6a056fb4045.jpg,0,1,1,0,0,0
levle0_20_jpg.rf.00d2f3ecb1d798f374fad76f2b0f8bee.jpg,0,1,0,0,0,0
20_jpg.rf.08c5a8c869c378fb72ecab2039799162.jpg,0,0,0,1,1,0
10_jpg.rf.cd07c1c5745656adb0ae5aef0a436c3a.jpg,0,1,0,1,1,1
levle1_634_jpg.rf.9e5b9a7f6db6360f680dad0f99a24fd0.jpg,0,0,0,0,1,0
levle0_121_jpg.rf.0ee5f754b9bce8438e80b50a2419e78e.jpg,1,1,0,0,0,1
levle0_19_jpg.rf.92f23effbc8d4a796b32db0de4a82146.jpg,0,1,0,0,0,1
levle0_302_jpg.rf.c28401e650c9364cf684d6c99d3a490a.jpg,0,1,0,0,0,0
levle1_531_jpg.rf.18fd2b2dc525be8c0e954cf41f2ed1d7.jpg,1,0,0,1,1,1
levle1_580_jpg.rf.eb60f749aa87da5a3c0a5e77748d4ce6.jpg,0,0,0,1,0,0
levle1_107_jpg.rf.5b32fdadaf9b71bf8d6a12cfee7344b1.jpg,0,1,0,1,0,0
levle1_108_jpg.rf.9bf52e245b53d7ccfd9d5fc656399c4f.jpg,1,1,1,1,1,0
levle1_100_jpg.rf.021c81ace86e0534a9312de80453336d.jpg,0,1,0,1,0,1
01F3MMVMD3Q7GAY0YKSMEZ76K5_jpeg.rf.d75fa0fc649cc2219a8ee6846ba90eaf.jpg,0,0,0,1,1,0
levle1_523_jpg.rf.4cb5089704ae516b30c457f47c3c4250.jpg,1,0,0,0,1,0
01F3MMWY3JPNV96YC73PH5G692_jpeg.rf.4e396a3a8c20808014bcba3ad09d4bd2.jpg,1,0,0,1,1,0
levle1_51_jpg.rf.09fc82bbd19a477bbc42f501277a2725.jpg,0,1,0,0,0,0
levle0_300_jpg.rf.116729b4e5dde766574a3fe5c32a5e89.jpg,0,1,0,0,0,0
levle0_141_jpg.rf.29b7ea780edaa2a295ca37ac3b158d8d.jpg,1,1,0,0,0,0
levle1_533_jpg.rf.0b3574bb2a083bde9ac57018b8b8c400.jpg,1,0,0,0,0,0
a10_jpg.rf.fce11b0aced13c45601a3209f01f9bff.jpg,0,0,0,1,0,0
levle1_542_jpg.rf.1277718e241425752199d17785fd2b58.jpg,0,0,1,1,1,1
levle0_2_jpg.rf.10caf707bba98a7b346f592b6e341c4a.jpg,0,1,0,0,0,1
levle1_67_jpg.rf.440711ab0b08441648d4be3df783de12.jpg,0,1,0,1,0,0
levle0_68_jpg.rf.05f147f9b15e200c765fde62771e3eb5.jpg,1,1,0,1,0,0
levle1_68_jpg.rf.0e5aeb936980684fed1f64405ddca7b0.jpg,0,1,0,0,0,0
01F3MMWV7GC7CE8T9BBVKGW85Y_jpeg.rf.f250ef89b4e6e4aff17976aec70c840b.jpg,0,0,1,0,0,0
levle1_116_jpg.rf.899671437dcbd5da3e45dd1584387d5a.jpg,0,1,1,0,0,0
levle1_538_jpg.rf.086e9efa9ee00e36a29eb61b79f0c149.jpg,0,1,0,0,1,0
levle0_15_jpg.rf.2628a44fab1810f7ab83362028b7ddeb.jpg,0,0,0,0,0,1
levle0_80_jpg.rf.683ebc10ef67a4286b8870cf32cd3747.jpg,0,0,0,0,0,1
01F3MMWYSD0H8X9217EFP9VCYN_jpeg.rf.efa147ef30f804de928ee5598d9a7674.jpg,0,0,1,1,0,0
levle1_537_jpg.rf.bdf1f22ae9720ca56343f771edc2ff34.jpg,0,0,0,1,1,0
01F3MMW1HNGZ6WBEF528P4AXCZ_jpeg.rf.35996d01b6d33b7faa2757df4d7bc728.jpg,0,0,0,1,0,0
levle1_111_jpg.rf.019f48bb6799f3dceddc89bc36029338.jpg,0,1,1,0,0,0
levle0_314_jpg.rf.756870c83ce47d34422f1746da07b54a.jpg,1,0,0,1,0,1
levle1_539_jpg.rf.d1d8457b00ca7ac22d736aa3e4a4fdbf.jpg,0,0,0,1,0,1
levle0_305_jpg.rf.66540a336b15451b541f8f986fa87317.jpg,0,1,0,0,0,0
levle0_304_jpg.rf.4b954fe5faffea9978a9379715fd87db.jpg,0,1,1,0,0,1
01F3MMVN2R6JWP0Z4SXC4EBCBE_jpeg.rf.92a4f5901154a306041cbedf7c1d9e03.jpg,0,1,0,0,0,0
levle1_113_jpg.rf.fc1614a427aecad8fb9ad33f4592a47c.jpg,0,1,0,1,0,0
levle0_173_jpg.rf.34e480dd56de0fb6145eee6463bbb29a.jpg,0,1,0,0,0,1
levle1_125_jpg.rf.cf6b79c856c3f4b3d99d140e31fb1cfe.jpg,0,1,0,1,0,0
levle3_58_jpg.rf.6ac5467ea8aff6725da9acf33b4d10de.jpg,1,0,1,0,1,0
levle0_312_jpg.rf.9f455bd610d0ab8a86bc33a566f380b8.jpg,0,0,1,0,1,1
01F3MMVNR3XB2A86H1Y87XW2SE_jpeg.rf.94f7b038e7511d271e212252f0b4bb31.jpg,1,0,0,0,1,1
levle0_443_jpg.rf.e05d8ba960803fac73db3565b946543b.jpg,1,0,0,0,0,1
levle1_115_jpg.rf.c7d6a73f18138d1078e90c6fada451b3.jpg,1,1,0,1,0,1
levle0_183_jpg.rf.c39ed7cc4517f86fdca2c41b5d925e54.jpg,0,1,0,0,0,0
levle1_70_jpg.rf.e8c51fc4a395b8eaad27a82ba0c99849.jpg,0,1,0,1,0,0
01F3MMVQ630JYRDS80HXF3R4W8_jpeg.rf.19ffbbc24bc390f2fb75ee1792c5ee62.jpg,0,0,0,0,1,0
01F3MMVRGMNJVWB5CBCY48RNFN_jpeg.rf.11de4a5833cbbdb2742e702897e46ec5.jpg,1,0,0,0,0,0
levle0_190_jpg.rf.c74e9c11a12b38acf3c9c1e86a73cd89.jpg,0,1,0,0,0,0
levle1_591_jpg.rf.1b95c9d378ebf2d0d2824501a1436932.jpg,0,0,0,1,1,0
levle1_583_jpg.rf.e0f183082d943f59403ddf5fdbae3a0e.jpg,0,0,0,0,1,0
levle1_547_jpg.rf.3b77cabc17c815aba27276874ee0819b.jpg,0,0,0,1,0,1
levle1_540_jpg.rf.a8ae270a2277e22387ef2d61e8c08f4b.jpg,0,0,0,1,1,0
Ance-Scars_jpg.rf.b7d034e4cdc247ac0c5b929c38299caa.jpg,0,1,0,1,0,0
levle1_117_jpg.rf.3de63aecf83cab577d8162e18f75b733.jpg,1,0,0,1,0,0
levle1_501_jpg.rf.c0c5bbe6bc2b25f0727ae05ece1b4118.jpg,1,1,0,0,1,1
01F3MMVSTFKTNY4EVWF3NRVA5M_jpeg.rf.184abf1ec3f0591b9c8fe7dad686a0db.jpg,0,1,0,0,0,0
levle0_291_jpg.rf.d1f5d33d74c73ea25314680b316b8db1.jpg,0,1,0,0,0,1
levle1_592_jpg.rf.d1e6d18138a67de5e4e72fae6418da2e.jpg,0,0,0,1,1,0
levle0_313_jpg.rf.3173fd710c3ae1247ff389493552ef5b.jpg,0,0,1,1,0,0
levle1_0_jpg.rf.48312d6ea0c8d6f4c3fdbc6b867c82c7.jpg,1,0,0,1,0,0
levle1_127_jpg.rf.179c0128b6668a74b3d31ed04b8b103f.jpg,0,1,0,1,0,0
levle1_541_jpg.rf.973e441bbb6fe4244c2cf02e07efb4a3.jpg,0,0,0,1,1,0
levle1_544_jpg.rf.2bbf81dc3b24a4fae8a7690cceb79932.jpg,1,0,0,1,1,1
levle1_119_jpg.rf.75542a073ad819f54534ccb77ad9c7b1.jpg,0,0,0,1,0,0
levle0_194_jpg.rf.5cb5082abdbfb812e43dbd584d3ebd13.jpg,0,1,0,1,0,1
levle1_77_jpg.rf.75f00ee38dd0e47b73801ebc6b30a61e.jpg,0,1,0,1,0,0
levle1_76_jpg.rf.44b071e1dd0fb24cd1115d06e0db2359.jpg,0,1,0,1,0,0
levle1_595_jpg.rf.b3f9e06dbdf304d44541da9d9e7b0eda.jpg,0,0,0,1,0,0
01F3MMVTMQSATJ080EXHDAME49_jpeg.rf.afd7e992fbb0b3fc08c3497ee9def602.jpg,1,1,0,0,0,0
levle1_53_jpg.rf.1fd69567b45506ca2d74aecd7b28a496.jpg,0,0,0,1,0,0
levle0_315_jpg.rf.c2c7fffa09e0a7ef6b3e0032d6c3c8ab.jpg,0,1,0,0,0,1
levle1_78_jpg.rf.956e321c7de916417ff2c08c784d8928.jpg,0,1,0,0,1,0
levle0_193_jpg.rf.e83b8019b9add940d36031d4072fa56c.jpg,1,1,0,0,0,1
levle0_55_jpg.rf.a3741b47b362c4a998222b7d52d70adb.jpg,0,1,0,1,0,0
levle0_322_jpg.rf.db1c13e29498defea8ef4ea46f7edef7.jpg,0,0,0,0,0,1
01F3MMYRZVKM6AP25F0HGEEB49_jpeg.rf.c30f81b7ffae8a77cb59df6c89f6401b.jpg,0,1,0,0,0,0
levle0_204_jpg.rf.380663069a5415c474d90a086c9b6391.jpg,0,1,0,0,0,1
01F3MMVVZWV6JR5KQY71T8M7H9_jpeg.rf.06096796f7bd15203dc67c94eb25df60.jpg,0,0,0,1,1,0
01F3MMYTGRCX234SFQH105TM1Y_jpeg.rf.5c603e1c7127f1e4b79c2aaeaf7e1699.jpg,0,0,0,0,0,1
21_jpg.rf.4525d0dea6409250fb2ee7a73aff1308.jpg,0,0,0,1,0,0
levle1_552_jpg.rf.dad65fa479632212807b44ad1854739c.jpg,0,0,0,1,0,0
levle1_124_jpg.rf.63946bd533b91156fb3b16ec755d8a84.jpg,0,1,0,0,0,0
levle1_128_jpg.rf.998488d183e55f925f5dec06f4353a83.jpg,0,1,0,1,0,0
levle1_122_jpg.rf.c2537d3c3213842a2a541dce5b70bb81.jpg,0,1,0,1,0,0
levle1_60_jpg.rf.bdea5682c31fe1414179b1da5ff1a88c.jpg,1,0,0,0,0,0
levle1_546_jpg.rf.7322f2999a28ed309746e9eb18d4a172.jpg,1,0,0,1,0,0
levle0_32_jpg.rf.f5d89af0f7a7b086fc9be4ea36ca8c2e.jpg,0,1,0,0,0,0
levle1_120_jpg.rf.278c83ea8b0a1483077b382eaf90b05f.jpg,0,0,0,1,0,0
levle0_188_jpg.rf.2c3474c5eaecaa6a23bc6070e472dad2.jpg,0,1,0,0,0,0
01F3MMW4EVZS8XK1FV5PMP2NXP_jpeg.rf.d3cc64fc3cbeda2d1a7492931bf43c5e.jpg,0,0,0,0,1,1
levle1_15_jpg.rf.345eb4a1b6ebe7cd8ecae0bb37e6aff9.jpg,0,1,0,0,0,0
levle1_561_jpg.rf.4a667e36ca3b76111df73f9ff8850d5a.jpg,0,0,0,1,0,0
levle1_554_jpg.rf.4cb81915bff895ffb88ea491f845584c.jpg,0,0,0,1,0,0
levle0_319_jpg.rf.cd110f9ece057902e049fd841da75afc.jpg,0,1,0,1,0,0
levle1_137_jpg.rf.d8bcef8f1e3a56aa77e65d5da6e4dd30.jpg,1,0,1,1,0,1
levle0_35_jpg.rf.dd4c8c14385e5fc5de5dda077c862491.jpg,0,0,0,0,1,1
levle1_557_jpg.rf.539703aae7a25d290589718e855ef474.jpg,1,1,0,0,0,1
levle1_548_jpg.rf.d634189536a4cc9b0cefdc935fd1c647.jpg,0,0,0,1,0,0
levle0_207_jpg.rf.a159b6ee74570fd51e676c6f7342a3f0.jpg,1,1,0,0,0,0
levle2_127_jpg.rf.8a0d766e424774bc69fb953c71dc726d.jpg,1,0,0,1,1,0
levle1_80_jpg.rf.972a0e727295683e30be7cc396540b1b.jpg,0,1,1,1,0,0
01F3MMX0Y73AE4AJRD3856H8QV_jpeg.rf.066cde884094ce27f790bd384bc78b4e.jpg,1,0,1,0,0,0
levle1_597_jpg.rf.1ded9781663d35678f9889084b33433e.jpg,0,0,0,1,0,0
levle1_564_jpg.rf.a926b497712c9294d1b1d226ac32474c.jpg,1,0,0,0,0,0
levle0_228_jpg.rf.16ec30962424ab757fcb28d82557fe61.jpg,0,1,0,0,0,1
levle0_257_jpg.rf.8b671294056559be87ed83326e156eb0.jpg,0,0,0,0,0,1
levle0_239_jpg.rf.ac303ce8e67e2403505e2aa1686198cc.jpg,0,1,0,1,0,1
levle1_568_jpg.rf.24390f3f397a5bbad75f8a843e6b6b8c.jpg,0,1,0,1,0,0
levle0_253_jpg.rf.ba82607d0bdba5c492051c586658f727.jpg,0,1,0,0,0,1
levle1_559_jpg.rf.e7d9f92d81e6dde87f884c4317d0f577.jpg,0,0,0,1,0,0
01F3MMW6HFPKJZRQX42WMQXFJW_jpeg.rf.bdfa2ae14445283c3298a8dbe37bda06.jpg,0,0,0,1,0,0
01F3MMYMKG199SD4K8HKD9NKP5_jpeg.rf.7b4f1028f22e5dc96ae1d1fb68005f11.jpg,0,1,0,1,1,1
01F3MMYV5NBAMXWHPA6EKMF3SP_jpeg.rf.352fbc5c843b4154277ecf660a5952e7.jpg,0,1,0,1,1,0
levle1_562_jpg.rf.51c2113541273f7f71a686b59edccbb4.jpg,0,0,0,1,0,0
levle1_599_jpg.rf.6b3b7ebfa875c7a3b4b36f998a8504e0.jpg,1,0,0,1,1,0
levle0_351_jpg.rf.76a0005e60e5614d7b24a71a0d4a5fff.jpg,0,1,0,1,0,1
levle1_600_jpg.rf.75efc91b34b2c1f5599200b53fb39c91.jpg,0,0,0,1,1,0
levle1_84_jpg.rf.75a9a6920144186a7d6f6903b97ebd7a.jpg,0,0,0,1,1,0
levle1_567_jpg.rf.5ce30483efa9e905953385e9c9a4247c.jpg,0,1,0,0,0,0
levle0_276_jpg.rf.44e62864d44f7df72bedbf8b98aea0c1.jpg,0,1,0,0,0,1
levle1_625_jpg.rf.56f770394b92a6742afad26570a47109.jpg,0,1,0,1,0,0
levle0_272_jpg.rf.d95cd207c9ec1444ad441d78d0c36543.jpg,0,0,1,1,0,1
01F3MMYP2ZJEH00MS4NE5KF172_jpeg.rf.e78fcb8da2cc0fdfe8f9cfa9482f9a40.jpg,0,1,0,1,0,0
01F3MMZ02QJ70C2QHKWDNJRWV6_jpeg.rf.5a38c049e096795a7d7c7f884970689f.jpg,0,0,0,0,1,1
levle1_143_jpg.rf.077a1770a3b3fe2119316fc3e030e4e0.jpg,0,1,0,0,1,0
levle0_270_jpg.rf.5f20475cf1cdb29bd9d4c86493317bc0.jpg,0,1,0,0,0,1
levle1_623_jpg.rf.ab79bb4018df584eeb1b8c37337e45bc.jpg,0,0,0,1,1,1
levle1_569_jpg.rf.fd2399d6df2679f1c0733ff6e40b5edd.jpg,0,1,0,0,1,0
levle1_89_jpg.rf.7979f46cef982e94437c549aa0327b6e.jpg,0,1,0,0,0,0
levle1_140_jpg.rf.fc76d96d320cab743a6700b3b54f0c4e.jpg,0,1,0,0,0,0
levle1_146_jpg.rf.a6a00ac8c969a874b7f2ac27124c90a9.jpg,1,1,1,1,0,0
levle1_144_jpg.rf.038bdcf2d6385205df0a7c5869c75294.jpg,1,1,0,1,0,0
levle1_151_jpg.rf.bbabfd95685b9f6ad03a9adc67419b77.jpg,0,1,0,0,0,1
levle2_108_jpg.rf.b307250a1c79d0b07077ed4600db16be.jpg,1,0,0,1,1,0
levle1_149_jpg.rf.f675b921e72363239781d3dfa18cadc4.jpg,0,1,0,1,0,1
levle1_2_jpg.rf.1a6fe0244e6a9d00351e61ac7f43062a.jpg,0,0,0,1,1,0
levle2_137_jpg.rf.35138649e1ee935c961dcee487a3d1a6.jpg,0,1,0,1,1,0
levle1_16_jpg.rf.eef217be3f3bd45d5f627622e77d2606.jpg,0,1,0,0,0,0
levle1_601_jpg.rf.610c51e6d634a46bba1f08aec3deca5c.jpg,0,0,0,1,0,0
levle1_94_jpg.rf.f64d9e1a097fb8a339dadb2491722703.jpg,0,1,0,1,0,1
levle2_131_jpg.rf.3313ccadf0b7b7385363b7a43bc05939.jpg,0,1,0,1,1,0
levle2_135_jpg.rf.09dd8fb02613d2b7563417420e98e813.jpg,0,1,0,1,0,0
levle0_274_jpg.rf.962b8a631f2d754c7e5e1ece3c6630ff.jpg,0,1,0,0,0,0
levle1_7_jpg.rf.0d86c63bdc2afed1bed8c4b313040c72.jpg,0,1,0,1,0,0
levle0_378_jpg.rf.8369ca95f23dba9056edfe9de534ca07.jpg,0,1,0,1,0,0
01F3MMYVZ5AMFQMQVMQYTSAEGA_jpeg.rf.d755fc695767491f34ac050d12b75e0a.jpg,0,1,0,0,0,0
levle2_134_jpg.rf.3bfb94e416aabc35771c403bb9ccb395.jpg,0,1,0,0,1,0
levle1_83_jpg.rf.9e9d6e20a234bd5950500258be7261bf.jpg,0,0,0,1,1,0
levle2_130_jpg.rf.995ef69a830196f8f0bfb1e2afef4c17.jpg,0,1,0,0,0,0
01F3MMWT0B1CGT5C650VZ0YSPN_jpeg.rf.8d96001850fb093d26232d49d8547a44.jpg,1,1,0,1,1,0
01F3MMX6SD07BKJYXNPC9DHQTD_jpeg.rf.fe916aaaaaf96e29f5d3ca45fa381d99.jpg,1,0,0,0,0,0
levle1_157_jpg.rf.4e9b98e562e8623177e12abf797a9549.jpg,1,1,0,1,1,0
levle1_154_jpg.rf.36ca441ca87063358e2654ca58278429.jpg,0,1,0,1,0,0
levle2_109_jpg.rf.a4fdf9264b920355d13f2ae78b28f2be.jpg,0,0,1,1,1,0
levle2_113_jpg.rf.0041eadc1a100460090b141e767cc13f.jpg,0,1,1,1,0,0
levle0_377_jpg.rf.9af8349b31e77eba5897f2ee3979589b.jpg,0,1,0,1,0,0
levle2_147_jpg.rf.aad2264d74124ac91778e15426515835.jpg,0,1,0,1,1,0
levle0_294_jpg.rf.79a9fb62215617a7987b3b76ac179672.jpg,0,1,0,0,0,0
levle0_299_jpg.rf.e7e5523dde1318410387cc03c6054a79.jpg,0,1,0,0,0,1
levle0_376_jpg.rf.286490c4b8e8cff5ed4f40f8c64af5a4.jpg,0,1,0,1,0,0
levle0_3_jpg.rf.2da20d3fd6b6c7c5396cc0b9de8923cd.jpg,0,1,0,0,0,0
levle1_633_jpg.rf.9710a127c317e72b798d9f10d28c17a1.jpg,0,0,0,1,1,0
levle2_115_jpg.rf.95ca431ffe00e18fbb18f85c65fabd75.jpg,0,1,0,1,0,0
levle0_368_jpg.rf.9cbf1bea4a232f54e72254bca1e49a8e.jpg,0,1,0,0,0,1
01F3MMYQGXWY7881BXZYJF701P_jpeg.rf.9244a1ef0944cda3eec9433bf8ac1f0c.jpg,0,0,0,1,0,0
22_jpg.rf.c327ee4ea834657ef63d78097b9e9d33.jpg,1,0,0,1,1,0
levle1_20_jpg.rf.f668ad63cfc3751746d31b135b0ec5f6.jpg,0,1,0,0,0,0
levle2_112_jpg.rf.429a83a088e8801f14fcd7fbc24a9437.jpg,0,0,1,1,0,0
01F3MMWA0ZXZAHHVH6VFY7VSEH_jpeg.rf.583251cd5c4caa1010a9c574420d4288.jpg,1,1,1,0,0,0
levle1_562_jpg.rf.a557cfe24782a1f747c1361f649b3a04.jpg,0,0,0,1,0,0
levle1_635_jpg.rf.a98335be2e0a0ca4e519de517513e5f7.jpg,0,0,0,1,0,0
levle0_379_jpg.rf.cd8b463e434a39232544de8203d208b9.jpg,0,1,0,1,0,0
levle1_606_jpg.rf.99a4df27042c849b74411ea5dc731b6f.jpg,0,0,0,1,1,0
levle2_145_jpg.rf.ff4f639dfc418110a568f33c50c72338.jpg,0,1,0,1,0,0
levle1_64_jpg.rf.6b5f2aaf6922d2fef489074ae8ca34a5.jpg,0,1,0,1,0,0
levle2_129_jpg.rf.bdbefc791b5294a5b34247de6f2293a5.jpg,0,1,0,0,0,0
levle2_120_jpg.rf.d79b85684159418344e00d0694c3bb47.jpg,0,0,0,1,1,1
levle0_4_jpg.rf.c123c0cddd2866958d3538182356e139.jpg,0,1,0,1,0,0
levle0_39_jpg.rf.a4235105a924feaa78bff0fc0735cc7f.jpg,0,1,0,1,0,1
levle2_119_jpg.rf.d8e3a66a2c64f946359fd179abc99f39.jpg,0,0,0,1,1,0
levle1_205_jpg.rf.028c1d0b2df127f9e4349d1f8d9f2f5a.jpg,0,0,0,1,0,1
levle0_283_jpg.rf.028d8dff7116e30fb8084371fafbbb08.jpg,0,0,0,1,0,1
levle0_19_jpg.rf.af62d438a71bb5cc508ebd19cc8acc31.jpg,0,1,0,0,0,1
levle1_637_jpg.rf.4bbe08c255f5a0a419eb20ea2b98d530.jpg,0,1,0,0,0,0
01F3MMWASQXMT2JDT81P87MS6M_jpeg.rf.e11578c88286d254178576ab2db3fa88.jpg,1,0,1,0,0,1